Entity,Code,Year,Solar photovoltaic
Afghanistan,AFG,2017,0.0017
Afghanistan,AFG,2018,0.0017
Afghanistan,AFG,2019,0.0317
Afghanistan,AFG,2020,0.0317
Afghanistan,AFG,2021,0.0317
Afghanistan,AFG,2022,0.0317
Afghanistan,AFG,2023,0.0317
Afghanistan,AFG,2024,0.0417
Afghanistan,AFG,2025,0.043700002
Africa,OWID_AFR,2004,0.000263
Africa,OWID_AFR,2005,0.000526
Africa,OWID_AFR,2006,0.003086
Africa,OWID_AFR,2007,0.006268324
Africa,OWID_AFR,2008,0.011112606
Africa,OWID_AFR,2009,0.044968635
Africa,OWID_AFR,2010,0.11331617
Africa,OWID_AFR,2011,0.16458856
Africa,OWID_AFR,2012,0.19792448
Africa,OWID_AFR,2013,0.48312798
Africa,OWID_AFR,2014,1.3341335
Africa,OWID_AFR,2015,1.6031604
Africa,OWID_AFR,2016,2.353838
Africa,OWID_AFR,2017,2.934324
Africa,OWID_AFR,2018,4.2255983
Africa,OWID_AFR,2019,5.628402
Africa,OWID_AFR,2020,6.7263746
Africa,OWID_AFR,2021,7.6949472
Africa,OWID_AFR,2022,10.143335
Africa,OWID_AFR,2023,13.574923
Africa,OWID_AFR,2024,16.213707
Africa,OWID_AFR,2025,20.021023
Albania,ALB,2001,0.0001
Albania,ALB,2002,0.0002
Albania,ALB,2003,0.0002
Albania,ALB,2004,0.0002
Albania,ALB,2005,0.0002
Albania,ALB,2006,0.0002
Albania,ALB,2007,0.0002
Albania,ALB,2008,0.0002
Albania,ALB,2009,0.0003
Albania,ALB,2010,0.0004
Albania,ALB,2011,0.000564
Albania,ALB,2012,0.000679
Albania,ALB,2013,0.000758
Albania,ALB,2014,0.000874
Albania,ALB,2015,0.00105
Albania,ALB,2016,0.001
Albania,ALB,2017,0.001
Albania,ALB,2018,0.001
Albania,ALB,2019,0.014
Albania,ALB,2020,0.021
Albania,ALB,2021,0.023
Albania,ALB,2022,0.10014
Albania,ALB,2023,0.20673399
Albania,ALB,2024,0.71957
Albania,ALB,2025,0.87557
Algeria,DZA,2014,0.0022
Algeria,DZA,2015,0.0172
Algeria,DZA,2016,0.2172
Algeria,DZA,2017,0.3102
Algeria,DZA,2018,0.3222
Algeria,DZA,2019,0.3222
Algeria,DZA,2020,0.3222
Algeria,DZA,2021,0.3222
Algeria,DZA,2022,0.38696
Algeria,DZA,2023,0.38895002
Algeria,DZA,2024,0.38895002
Algeria,DZA,2025,0.38895002
American Samoa,ASM,2012,0.002416
American Samoa,ASM,2013,0.002416
American Samoa,ASM,2014,0.002416
American Samoa,ASM,2015,0.002416
American Samoa,ASM,2016,0.002416
American Samoa,ASM,2017,0.002416
American Samoa,ASM,2018,0.003306
American Samoa,ASM,2019,0.003306
American Samoa,ASM,2020,0.003306
American Samoa,ASM,2021,0.003306
American Samoa,ASM,2022,0.005606
American Samoa,ASM,2023,0.005606
American Samoa,ASM,2024,0.005606
American Samoa,ASM,2025,0.005606
Andorra,AND,2013,0.000127
Andorra,AND,2014,0.000127
Andorra,AND,2015,0.000191
Andorra,AND,2016,0.000201
Andorra,AND,2017,0.000263
Andorra,AND,2018,0.000365
Andorra,AND,2019,0.000525
Andorra,AND,2020,0.000644
Andorra,AND,2021,0.001052
Andorra,AND,2022,0.001816
Andorra,AND,2023,0.00481
Andorra,AND,2024,0.006813
Andorra,AND,2025,0.009647001
Angola,AGO,2022,0.284
Angola,AGO,2023,0.309
Angola,AGO,2024,0.36043
Angola,AGO,2025,0.38307002
Anguilla,AIA,2012,0.000062
Anguilla,AIA,2013,0.000062
Anguilla,AIA,2014,0.001172
Anguilla,AIA,2015,0.001172
Anguilla,AIA,2016,0.002272
Anguilla,AIA,2017,0.002272
Anguilla,AIA,2018,0.001172
Anguilla,AIA,2019,0.001542
Anguilla,AIA,2020,0.001542
Anguilla,AIA,2021,0.001542
Anguilla,AIA,2022,0.001542
Anguilla,AIA,2023,0.001542
Anguilla,AIA,2024,0.001542
Anguilla,AIA,2025,0.0015452
Antigua and Barbuda,ATG,2009,0.0001
Antigua and Barbuda,ATG,2010,0.0001
Antigua and Barbuda,ATG,2011,0.0003
Antigua and Barbuda,ATG,2012,0.0003
Antigua and Barbuda,ATG,2013,0.0004
Antigua and Barbuda,ATG,2014,0.0004
Antigua and Barbuda,ATG,2015,0.0034
Antigua and Barbuda,ATG,2016,0.0035
Antigua and Barbuda,ATG,2017,0.0039
Antigua and Barbuda,ATG,2018,0.0083
Antigua and Barbuda,ATG,2019,0.0083
Antigua and Barbuda,ATG,2020,0.01245
Antigua and Barbuda,ATG,2021,0.01445
Antigua and Barbuda,ATG,2022,0.01445
Antigua and Barbuda,ATG,2023,0.015170001
Antigua and Barbuda,ATG,2024,0.015170001
Antigua and Barbuda,ATG,2025,0.015170001
Argentina,ARG,2011,0.0012
Argentina,ARG,2012,0.0062
Argentina,ARG,2013,0.0082
Argentina,ARG,2014,0.0082
Argentina,ARG,2015,0.0082
Argentina,ARG,2016,0.0082
Argentina,ARG,2017,0.0082
Argentina,ARG,2018,0.19063
Argentina,ARG,2019,0.439909
Argentina,ARG,2020,0.76210505
Argentina,ARG,2021,1.0693359
Argentina,ARG,2022,1.104022
Argentina,ARG,2023,1.3969289
Argentina,ARG,2024,1.7322261
Argentina,ARG,2025,2.583378
Armenia,ARM,2016,0.001
Armenia,ARM,2017,0.0024
Armenia,ARM,2018,0.01732
Armenia,ARM,2019,0.021099998
Armenia,ARM,2020,0.0505
Armenia,ARM,2021,0.1461
Armenia,ARM,2022,0.23519501
Armenia,ARM,2023,0.40170002
Armenia,ARM,2024,0.4854
Armenia,ARM,2025,0.7058
Aruba,ABW,2010,0.0001
Aruba,ABW,2011,0.0003
Aruba,ABW,2012,0.001
Aruba,ABW,2013,0.0016
Aruba,ABW,2014,0.0049
Aruba,ABW,2015,0.0061
Aruba,ABW,2016,0.007251
Aruba,ABW,2017,0.007304
Aruba,ABW,2018,0.014804
Aruba,ABW,2019,0.014804
Aruba,ABW,2020,0.014804
Aruba,ABW,2021,0.014804
Aruba,ABW,2022,0.014804
Aruba,ABW,2023,0.014804
Aruba,ABW,2024,0.014804
Aruba,ABW,2025,0.014904
Asia,OWID_ASI,2000,0.345179
Asia,OWID_ASI,2001,0.469602
Asia,OWID_ASI,2002,0.654151
Asia,OWID_ASI,2003,0.879005
Asia,OWID_ASI,2004,1.156965
Asia,OWID_ASI,2005,1.515087
Asia,OWID_ASI,2006,1.86487
Asia,OWID_ASI,2007,2.1467152
Asia,OWID_ASI,2008,2.693506
Asia,OWID_ASI,2009,3.5428421
Asia,OWID_ASI,2010,5.472579
Asia,OWID_ASI,2011,9.677247
Asia,OWID_ASI,2012,16.252092
Asia,OWID_ASI,2013,36.065025
Asia,OWID_ASI,2014,60.33193
Asia,OWID_ASI,2015,90.336266
Asia,OWID_ASI,2016,141.12608
Asia,OWID_ASI,2017,215.36508
Asia,OWID_ASI,2018,281.8528
Asia,OWID_ASI,2019,340.01862
Asia,OWID_ASI,2020,423.15503
Asia,OWID_ASI,2021,502.81015
Asia,OWID_ASI,2022,619.33905
Asia,OWID_ASI,2023,872.6088
Asia,OWID_ASI,2024,1200.6395
Asia,OWID_ASI,2025,1588.56
Australia,AUS,2000,0.025
Australia,AUS,2001,0.029
Australia,AUS,2002,0.034
Australia,AUS,2003,0.039
Australia,AUS,2004,0.046
Australia,AUS,2005,0.052
Australia,AUS,2006,0.061
Australia,AUS,2007,0.07
Australia,AUS,2008,0.082
Australia,AUS,2009,0.329
Australia,AUS,2010,1.088
Australia,AUS,2011,1.418
Australia,AUS,2012,2.508
Australia,AUS,2013,3.309
Australia,AUS,2014,4.134
Australia,AUS,2015,5.033
Australia,AUS,2016,5.878
Australia,AUS,2017,7.238227
Australia,AUS,2018,11.124774
Australia,AUS,2019,15.449684
Australia,AUS,2020,19.769625
Australia,AUS,2021,24.39362
Australia,AUS,2022,28.88409
Australia,AUS,2023,33.178635
Australia,AUS,2024,37.369625
Australia,AUS,2025,42.439625
Austria,AUT,2000,0.005
Austria,AUT,2001,0.007
Austria,AUT,2002,0.009
Austria,AUT,2003,0.023
Austria,AUT,2004,0.027
Austria,AUT,2005,0.021018
Austria,AUT,2006,0.022387002
Austria,AUT,2007,0.024238002
Austria,AUT,2008,0.030119998
Austria,AUT,2009,0.048915002
Austria,AUT,2010,0.08881301
Austria,AUT,2011,0.17406999
Austria,AUT,2012,0.337483
Austria,AUT,2013,0.625974
Austria,AUT,2014,0.785246
Austria,AUT,2015,0.937098
Austria,AUT,2016,1.096016
Austria,AUT,2017,1.2689711
Austria,AUT,2018,1.455132
Austria,AUT,2019,1.702093
Austria,AUT,2020,2.042934
Austria,AUT,2021,2.782602
Austria,AUT,2022,3.7917042
Austria,AUT,2023,6.3856144
Austria,AUT,2024,8.895074
Austria,AUT,2025,10.295074
Azerbaijan,AZE,2007,0.0001
Azerbaijan,AZE,2008,0.0001
Azerbaijan,AZE,2009,0.0001
Azerbaijan,AZE,2010,0.0003
Azerbaijan,AZE,2011,0.001
Azerbaijan,AZE,2012,0.001
Azerbaijan,AZE,2013,0.001
Azerbaijan,AZE,2014,0.0024
Azerbaijan,AZE,2015,0.0048
Azerbaijan,AZE,2016,0.0249
Azerbaijan,AZE,2017,0.0284
Azerbaijan,AZE,2018,0.034900002
Azerbaijan,AZE,2019,0.033099998
Azerbaijan,AZE,2020,0.035099998
Azerbaijan,AZE,2021,0.0479
Azerbaijan,AZE,2022,0.051200002
Azerbaijan,AZE,2023,0.2818
Azerbaijan,AZE,2024,0.281
Azerbaijan,AZE,2025,0.281
Bahamas,BHS,2007,0.0001
Bahamas,BHS,2008,0.0001
Bahamas,BHS,2009,0.0002
Bahamas,BHS,2010,0.0003
Bahamas,BHS,2011,0.0004
Bahamas,BHS,2012,0.0006
Bahamas,BHS,2013,0.000639
Bahamas,BHS,2014,0.001189
Bahamas,BHS,2015,0.001189
Bahamas,BHS,2016,0.001289
Bahamas,BHS,2017,0.001342
Bahamas,BHS,2018,0.001487
Bahamas,BHS,2019,0.002929
Bahamas,BHS,2020,0.003372
Bahamas,BHS,2021,0.004472
Bahamas,BHS,2022,0.009524
Bahamas,BHS,2023,0.009595
Bahamas,BHS,2024,0.015595
Bahamas,BHS,2025,0.015595
Bahrain,BHR,2014,0.005
Bahrain,BHR,2015,0.005
Bahrain,BHR,2016,0.006
Bahrain,BHR,2017,0.006
Bahrain,BHR,2018,0.00631
Bahrain,BHR,2019,0.009704
Bahrain,BHR,2020,0.010101
Bahrain,BHR,2021,0.021334998
Bahrain,BHR,2022,0.045592
Bahrain,BHR,2023,0.056623
Bahrain,BHR,2024,0.066028
Bahrain,BHR,2025,0.11223
Bangladesh,BGD,2012,0.000055
Bangladesh,BGD,2013,5.6E-05
Bangladesh,BGD,2014,0.00057
Bangladesh,BGD,2015,0.004623
Bangladesh,BGD,2016,0.014376001
Bangladesh,BGD,2017,0.021987002
Bangladesh,BGD,2018,0.049541
Bangladesh,BGD,2019,0.078622
Bangladesh,BGD,2020,0.13694102
Bangladesh,BGD,2021,0.30322197
Bangladesh,BGD,2022,0.356457
Bangladesh,BGD,2023,0.594217
Bangladesh,BGD,2024,0.70843905
Bangladesh,BGD,2025,1.0084391
Barbados,BRB,2001,0.0001
Barbados,BRB,2002,0.0001
Barbados,BRB,2003,0.0001
Barbados,BRB,2004,0.0001
Barbados,BRB,2005,0.0002
Barbados,BRB,2006,0.0002
Barbados,BRB,2007,0.0006
Barbados,BRB,2008,0.0006
Barbados,BRB,2009,0.0008
Barbados,BRB,2010,0.001
Barbados,BRB,2011,0.00125
Barbados,BRB,2012,0.0015
Barbados,BRB,2013,0.000426
Barbados,BRB,2014,0.001294
Barbados,BRB,2015,0.003094
Barbados,BRB,2016,0.014937
Barbados,BRB,2017,0.016397
Barbados,BRB,2018,0.017246
Barbados,BRB,2019,0.03321
Barbados,BRB,2020,0.049154
Barbados,BRB,2021,0.063926
Barbados,BRB,2022,0.069341995
Barbados,BRB,2023,0.069341995
Barbados,BRB,2024,0.069341995
Barbados,BRB,2025,0.069341995
Belarus,BLR,2014,0.004
Belarus,BLR,2015,0.006
Belarus,BLR,2016,0.047
Belarus,BLR,2017,0.08
Belarus,BLR,2018,0.154
Belarus,BLR,2019,0.154
Belarus,BLR,2020,0.1603
Belarus,BLR,2021,0.1637
Belarus,BLR,2022,0.2725
Belarus,BLR,2023,0.2727
Belarus,BLR,2024,0.265
Belarus,BLR,2025,0.277
Belgium,BEL,2002,0.001
Belgium,BEL,2003,0.001
Belgium,BEL,2004,0.001
Belgium,BEL,2005,0.002
Belgium,BEL,2006,0.002
Belgium,BEL,2007,0.02
Belgium,BEL,2008,0.062
Belgium,BEL,2009,0.386
Belgium,BEL,2010,0.8402
Belgium,BEL,2011,1.8649
Belgium,BEL,2012,2.5955
Belgium,BEL,2013,2.864
Belgium,BEL,2014,2.9771001
Belgium,BEL,2015,3.1081002
Belgium,BEL,2016,3.2912
Belgium,BEL,2017,3.6004002
Belgium,BEL,2018,3.9628
Belgium,BEL,2019,4.523
Belgium,BEL,2020,5.453
Belgium,BEL,2021,5.933
Belgium,BEL,2022,6.7798
Belgium,BEL,2023,8.3604
Belgium,BEL,2024,9.642401
Belgium,BEL,2025,10.3975
Belize,BLZ,2012,0.00048
Belize,BLZ,2013,0.00048
Belize,BLZ,2014,0.00048
Belize,BLZ,2015,0.00048
Belize,BLZ,2016,0.00048
Belize,BLZ,2017,0.00048
Belize,BLZ,2018,0.000833
Belize,BLZ,2019,0.00593
Belize,BLZ,2020,0.00593
Belize,BLZ,2021,0.00593
Belize,BLZ,2022,0.0059
Belize,BLZ,2023,0.0059
Belize,BLZ,2024,0.0059
Belize,BLZ,2025,0.0059
Benin,BEN,2014,0.0002
Benin,BEN,2015,0.0012
Benin,BEN,2016,0.0014
Benin,BEN,2017,0.0014
Benin,BEN,2018,0.0014
Benin,BEN,2019,0.0014
Benin,BEN,2020,0.0014
Benin,BEN,2021,0.0014
Benin,BEN,2022,0.0264
Benin,BEN,2023,0.0264
Benin,BEN,2024,0.0264
Benin,BEN,2025,0.0264
Bhutan,BTN,2021,0.000192
Bhutan,BTN,2022,0.000192
Bhutan,BTN,2023,0.000942
Bhutan,BTN,2024,0.003042
Bhutan,BTN,2025,0.020872
Bolivia,BOL,2017,0.005
Bolivia,BOL,2018,0.065
Bolivia,BOL,2019,0.065
Bolivia,BOL,2020,0.11507
Bolivia,BOL,2021,0.16496001
Bolivia,BOL,2022,0.165351
Bolivia,BOL,2023,0.166655
Bolivia,BOL,2024,0.17041
Bolivia,BOL,2025,0.18758
Bonaire Sint Eustatius and Saba,BES,2015,0.0003
Bonaire Sint Eustatius and Saba,BES,2016,0.002245
Bonaire Sint Eustatius and Saba,BES,2017,0.004505
Bonaire Sint Eustatius and Saba,BES,2018,0.005645
Bonaire Sint Eustatius and Saba,BES,2019,0.006645
Bonaire Sint Eustatius and Saba,BES,2020,0.006645
Bonaire Sint Eustatius and Saba,BES,2021,0.006645
Bonaire Sint Eustatius and Saba,BES,2022,0.006645
Bonaire Sint Eustatius and Saba,BES,2023,0.0161
Bonaire Sint Eustatius and Saba,BES,2024,0.021399999
Bonaire Sint Eustatius and Saba,BES,2025,0.023845
Bosnia and Herzegovina,BIH,2003,0.0001
Bosnia and Herzegovina,BIH,2004,0.0002
Bosnia and Herzegovina,BIH,2005,0.0003
Bosnia and Herzegovina,BIH,2006,0.0003
Bosnia and Herzegovina,BIH,2007,0.0003
Bosnia and Herzegovina,BIH,2008,0.0003
Bosnia and Herzegovina,BIH,2009,0.0003
Bosnia and Herzegovina,BIH,2010,0.0003
Bosnia and Herzegovina,BIH,2011,0.0003
Bosnia and Herzegovina,BIH,2012,0.000349
Bosnia and Herzegovina,BIH,2013,0.001339
Bosnia and Herzegovina,BIH,2014,0.007166
Bosnia and Herzegovina,BIH,2015,0.00817
Bosnia and Herzegovina,BIH,2016,0.01412
Bosnia and Herzegovina,BIH,2017,0.016
Bosnia and Herzegovina,BIH,2018,0.01815
Bosnia and Herzegovina,BIH,2019,0.02235
Bosnia and Herzegovina,BIH,2020,0.03489
Bosnia and Herzegovina,BIH,2021,0.056509998
Bosnia and Herzegovina,BIH,2022,0.10156
Bosnia and Herzegovina,BIH,2023,0.21219
Bosnia and Herzegovina,BIH,2024,0.60764
Bosnia and Herzegovina,BIH,2025,0.91439
Botswana,BWA,2012,0.0013
Botswana,BWA,2013,0.0013
Botswana,BWA,2014,0.0013
Botswana,BWA,2015,0.0013
Botswana,BWA,2016,0.001354
Botswana,BWA,2017,0.001354
Botswana,BWA,2018,0.001354
Botswana,BWA,2019,0.003554
Botswana,BWA,2020,0.003554
Botswana,BWA,2021,0.003904
Botswana,BWA,2022,0.003904
Botswana,BWA,2023,0.006904
Botswana,BWA,2024,0.063204
Botswana,BWA,2025,0.166504
Brazil,BRA,2000,0.001561
Brazil,BRA,2001,0.001596
Brazil,BRA,2002,0.001596
Brazil,BRA,2003,0.001596
Brazil,BRA,2004,0.001596
Brazil,BRA,2005,0.001596
Brazil,BRA,2006,0.001596
Brazil,BRA,2007,0.001596
Brazil,BRA,2008,0.001617
Brazil,BRA,2009,0.001847
Brazil,BRA,2010,0.001898
Brazil,BRA,2011,0.007463
Brazil,BRA,2012,0.008473
Brazil,BRA,2013,0.009405
Brazil,BRA,2014,0.022007
Brazil,BRA,2015,0.045873
Brazil,BRA,2016,0.131125
Brazil,BRA,2017,1.2025291
Brazil,BRA,2018,2.4504428
Brazil,BRA,2019,4.662132
Brazil,BRA,2020,8.3783655
Brazil,BRA,2021,14.302792
Brazil,BRA,2022,25.061958
Brazil,BRA,2023,37.55661
Brazil,BRA,2024,53.107456
Brazil,BRA,2025,64.685616
British Virgin Islands,VGB,2020,0.00004
British Virgin Islands,VGB,2021,0.000302
British Virgin Islands,VGB,2022,0.000317
British Virgin Islands,VGB,2023,0.000327
British Virgin Islands,VGB,2024,0.000327
British Virgin Islands,VGB,2025,0.001579
Brunei,BRN,2010,0.0012
Brunei,BRN,2011,0.0012
Brunei,BRN,2012,0.0012
Brunei,BRN,2013,0.0012
Brunei,BRN,2014,0.001203
Brunei,BRN,2015,0.001203
Brunei,BRN,2016,0.001203
Brunei,BRN,2017,0.001203
Brunei,BRN,2018,0.001203
Brunei,BRN,2019,0.001203
Brunei,BRN,2020,0.001437
Brunei,BRN,2021,0.004837
Brunei,BRN,2022,0.004865
Brunei,BRN,2023,0.005004
Brunei,BRN,2024,0.005294
Brunei,BRN,2025,0.005842
Bulgaria,BGR,2007,0.00003
Bulgaria,BGR,2008,0.0001
Bulgaria,BGR,2009,0.002
Bulgaria,BGR,2010,0.025
Bulgaria,BGR,2011,0.154
Bulgaria,BGR,2012,0.921987
Bulgaria,BGR,2013,1.038535
Bulgaria,BGR,2014,1.028917
Bulgaria,BGR,2015,1.027888
Bulgaria,BGR,2016,1.029885
Bulgaria,BGR,2017,1.030701
Bulgaria,BGR,2018,1.0330579
Bulgaria,BGR,2019,1.04439
Bulgaria,BGR,2020,1.100211
Bulgaria,BGR,2021,1.274713
Bulgaria,BGR,2022,1.736537
Bulgaria,BGR,2023,2.927246
Bulgaria,BGR,2024,4.559877
Bulgaria,BGR,2025,5.909877
Burkina Faso,BFA,2017,0.0348
Burkina Faso,BFA,2018,0.0348
Burkina Faso,BFA,2019,0.037988
Burkina Faso,BFA,2020,0.037988
Burkina Faso,BFA,2021,0.037988
Burkina Faso,BFA,2022,0.067988
Burkina Faso,BFA,2023,0.155
Burkina Faso,BFA,2024,0.18360001
Burkina Faso,BFA,2025,0.18360001
Burundi,BDI,2012,0.000403
Burundi,BDI,2013,0.000403
Burundi,BDI,2014,0.000403
Burundi,BDI,2015,0.000403
Burundi,BDI,2016,0.000403
Burundi,BDI,2017,0.000403
Burundi,BDI,2018,0.000403
Burundi,BDI,2019,0.000403
Burundi,BDI,2020,0.000403
Burundi,BDI,2021,0.007903
Burundi,BDI,2022,0.007903
Burundi,BDI,2023,0.007903
Burundi,BDI,2024,0.007903
Burundi,BDI,2025,0.007903
Cambodia,KHM,2000,9.4E-05
Cambodia,KHM,2001,0.000185
Cambodia,KHM,2002,0.000283
Cambodia,KHM,2003,0.000328
Cambodia,KHM,2004,0.00036
Cambodia,KHM,2005,0.000543
Cambodia,KHM,2006,0.000693
Cambodia,KHM,2007,0.001556
Cambodia,KHM,2008,0.001902
Cambodia,KHM,2009,0.002137
Cambodia,KHM,2010,0.002189
Cambodia,KHM,2011,0.003892
Cambodia,KHM,2012,0.00468
Cambodia,KHM,2013,0.005329
Cambodia,KHM,2014,0.008415
Cambodia,KHM,2015,0.010914
Cambodia,KHM,2016,0.016381001
Cambodia,KHM,2017,0.029899
Cambodia,KHM,2018,0.040846
Cambodia,KHM,2019,0.13644901
Cambodia,KHM,2020,0.32953298
Cambodia,KHM,2021,0.39126498
Cambodia,KHM,2022,0.476111
Cambodia,KHM,2023,0.481636
Cambodia,KHM,2024,0.966
Cambodia,KHM,2025,1.476
Cameroon,CMR,2015,0.00001485
Cameroon,CMR,2016,0.000285066
Cameroon,CMR,2017,0.011726466
Cameroon,CMR,2018,0.013460615
Cameroon,CMR,2019,0.013528746
Cameroon,CMR,2020,0.026666373
Cameroon,CMR,2021,0.026666373
Cameroon,CMR,2022,0.026666373
Cameroon,CMR,2023,0.06266637
Cameroon,CMR,2024,0.06266637
Cameroon,CMR,2025,0.06266637
Canada,CAN,2004,0.001
Canada,CAN,2005,0.001
Canada,CAN,2006,0.001
Canada,CAN,2007,0.002
Canada,CAN,2008,0.004
Canada,CAN,2009,0.05
Canada,CAN,2010,0.188
Canada,CAN,2011,0.423
Canada,CAN,2012,0.651
Canada,CAN,2013,1.029
Canada,CAN,2014,1.567
Canada,CAN,2015,2.141
Canada,CAN,2016,2.265
Canada,CAN,2017,2.493
Canada,CAN,2018,2.631
Canada,CAN,2019,2.828
Canada,CAN,2020,3.068
Canada,CAN,2021,3.854
Canada,CAN,2022,4.322
Canada,CAN,2023,5.041
Canada,CAN,2024,5.29
Canada,CAN,2025,5.4025
Cape Verde,CPV,2010,0.0055
Cape Verde,CPV,2011,0.0055
Cape Verde,CPV,2012,0.0055
Cape Verde,CPV,2013,0.0055
Cape Verde,CPV,2014,0.0055
Cape Verde,CPV,2015,0.005691
Cape Verde,CPV,2016,0.005791
Cape Verde,CPV,2017,0.005791
Cape Verde,CPV,2018,0.009711999
Cape Verde,CPV,2019,0.012933001
Cape Verde,CPV,2020,0.013575001
Cape Verde,CPV,2021,0.015666999
Cape Verde,CPV,2022,0.021318002
Cape Verde,CPV,2023,0.024247
Cape Verde,CPV,2024,0.029246999
Cape Verde,CPV,2025,0.030847
Cayman Islands,CYM,2016,0.002754
Cayman Islands,CYM,2017,0.008766
Cayman Islands,CYM,2018,0.009916999
Cayman Islands,CYM,2019,0.011194
Cayman Islands,CYM,2020,0.012837
Cayman Islands,CYM,2021,0.013801
Cayman Islands,CYM,2022,0.013801
Cayman Islands,CYM,2023,0.0141
Cayman Islands,CYM,2024,0.0141
Cayman Islands,CYM,2025,0.0141
Central African Republic,CAF,2023,0.04
Central African Republic,CAF,2024,0.04
Central African Republic,CAF,2025,0.04
Chad,TCD,2020,0.0005
Chad,TCD,2021,0.0005
Chad,TCD,2022,0.0005
Chad,TCD,2023,0.0005
Chad,TCD,2024,0.0005
Chad,TCD,2025,0.1098003
Chile,CHL,2012,0.002
Chile,CHL,2013,0.015
Chile,CHL,2014,0.221
Chile,CHL,2015,0.576
Chile,CHL,2016,1.125
Chile,CHL,2017,1.724116
Chile,CHL,2018,2.2977052
Chile,CHL,2019,2.720352
Chile,CHL,2020,3.286802
Chile,CHL,2021,4.603346
Chile,CHL,2022,6.778213
Chile,CHL,2023,8.629748
Chile,CHL,2024,10.90671
Chile,CHL,2025,12.0322075
China,CHN,2000,0.010515001
China,CHN,2001,0.01052
China,CHN,2002,0.01053
China,CHN,2003,0.010600001
China,CHN,2004,0.0118
China,CHN,2005,0.07
China,CHN,2006,0.08
China,CHN,2007,0.101
China,CHN,2008,0.14
China,CHN,2009,0.284
China,CHN,2010,0.864
China,CHN,2011,2.93
China,CHN,2012,6.5
China,CHN,2013,17.45
China,CHN,2014,28.05
China,CHN,2015,43.18
China,CHN,2016,77.42
China,CHN,2017,130.4245
China,CHN,2018,174.63007
China,CHN,2019,204.18
China,CHN,2020,253.01
China,CHN,2021,305.99
China,CHN,2022,392.04
China,CHN,2023,608.92
China,CHN,2024,885.68
China,CHN,2025,1199.91
Colombia,COL,2017,0.0098
Colombia,COL,2018,0.0098
Colombia,COL,2019,0.017975999
Colombia,COL,2020,0.061800003
Colombia,COL,2021,0.138575
Colombia,COL,2022,0.290909
Colombia,COL,2023,0.514099
Colombia,COL,2024,1.395875
Colombia,COL,2025,1.702714
Comoros,COM,2021,0.003
Comoros,COM,2022,0.003
Comoros,COM,2023,0.003
Comoros,COM,2024,0.003
Comoros,COM,2025,0.0093
Cook Islands,COK,2000,0.00001
Cook Islands,COK,2001,0.00001
Cook Islands,COK,2002,0.00001
Cook Islands,COK,2003,0.00001
Cook Islands,COK,2004,0.00001
Cook Islands,COK,2005,0.00001
Cook Islands,COK,2006,0.00001
Cook Islands,COK,2007,0.00001
Cook Islands,COK,2008,0.00001
Cook Islands,COK,2009,0.00001
Cook Islands,COK,2010,0.00001
Cook Islands,COK,2011,0.00001
Cook Islands,COK,2012,0.00001
Cook Islands,COK,2013,0.000664
Cook Islands,COK,2014,0.001624
Cook Islands,COK,2015,0.00285
Cook Islands,COK,2016,0.002964
Cook Islands,COK,2017,0.002964
Cook Islands,COK,2018,0.002964
Cook Islands,COK,2019,0.002964
Cook Islands,COK,2020,0.002964
Cook Islands,COK,2021,0.002964
Cook Islands,COK,2022,0.002964
Cook Islands,COK,2023,0.002964
Cook Islands,COK,2024,0.002964
Cook Islands,COK,2025,0.002964
Costa Rica,CRI,2010,0.000002
Costa Rica,CRI,2011,0.000102
Costa Rica,CRI,2012,0.001358
Costa Rica,CRI,2013,0.002178
Costa Rica,CRI,2014,0.004391
Costa Rica,CRI,2015,0.008149
Costa Rica,CRI,2016,0.012808
Costa Rica,CRI,2017,0.018268
Costa Rica,CRI,2018,0.031167999
Costa Rica,CRI,2019,0.046863005
Costa Rica,CRI,2020,0.055152
Costa Rica,CRI,2021,0.072099
Costa Rica,CRI,2022,0.072099
Costa Rica,CRI,2023,0.072099
Costa Rica,CRI,2024,0.072099
Costa Rica,CRI,2025,0.082186
Cote d'Ivoire,CIV,2023,0.03
Cote d'Ivoire,CIV,2024,0.03
Cote d'Ivoire,CIV,2025,0.03
Croatia,HRV,2009,0.0003
Croatia,HRV,2010,0.0003
Croatia,HRV,2011,0.0003
Croatia,HRV,2012,0.004
Croatia,HRV,2013,0.019
Croatia,HRV,2014,0.033
Croatia,HRV,2015,0.0478
Croatia,HRV,2016,0.0558
Croatia,HRV,2017,0.06
Croatia,HRV,2018,0.0677
Croatia,HRV,2019,0.084800005
Croatia,HRV,2020,0.1085
Croatia,HRV,2021,0.1383
Croatia,HRV,2022,0.222
Croatia,HRV,2023,0.4625
Croatia,HRV,2024,0.9018
Croatia,HRV,2025,1.3188001
Cuba,CUB,2012,0.0006
Cuba,CUB,2013,0.00615
Cuba,CUB,2014,0.00725
Cuba,CUB,2015,0.01795
Cuba,CUB,2016,0.031049998
Cuba,CUB,2017,0.06955
Cuba,CUB,2018,0.123449996
Cuba,CUB,2019,0.14365
Cuba,CUB,2020,0.20594999
Cuba,CUB,2021,0.23825
Cuba,CUB,2022,0.25945002
Cuba,CUB,2023,0.27195
Cuba,CUB,2024,0.384
Cuba,CUB,2025,0.559
Curacao,CUW,2000,0.000021
Curacao,CUW,2001,0.000021
Curacao,CUW,2002,0.000021
Curacao,CUW,2003,0.000021
Curacao,CUW,2004,0.000021
Curacao,CUW,2005,0.000021
Curacao,CUW,2006,0.000021
Curacao,CUW,2007,0.000021
Curacao,CUW,2008,0.000021
Curacao,CUW,2009,0.000021
Curacao,CUW,2010,0.000021
Curacao,CUW,2011,0.000021
Curacao,CUW,2012,0.000121
Curacao,CUW,2013,0.003121
Curacao,CUW,2014,0.007721
Curacao,CUW,2015,0.010121
Curacao,CUW,2016,0.011121
Curacao,CUW,2017,0.011121
Curacao,CUW,2018,0.011921
Curacao,CUW,2019,0.011921
Curacao,CUW,2020,0.013220999
Curacao,CUW,2021,0.013220999
Curacao,CUW,2022,0.013220999
Curacao,CUW,2023,0.013357
Curacao,CUW,2024,0.014357001
Curacao,CUW,2025,0.014357001
Cyprus,CYP,2004,0.001
Cyprus,CYP,2005,0.001
Cyprus,CYP,2006,0.001
Cyprus,CYP,2007,0.001
Cyprus,CYP,2008,0.002
Cyprus,CYP,2009,0.004
Cyprus,CYP,2010,0.007
Cyprus,CYP,2011,0.01
Cyprus,CYP,2012,0.017
Cyprus,CYP,2013,0.035
Cyprus,CYP,2014,0.064
Cyprus,CYP,2015,0.076
Cyprus,CYP,2016,0.084
Cyprus,CYP,2017,0.110046
Cyprus,CYP,2018,0.118479
Cyprus,CYP,2019,0.151261
Cyprus,CYP,2020,0.22913401
Cyprus,CYP,2021,0.314523
Cyprus,CYP,2022,0.42409298
Cyprus,CYP,2023,0.58071995
Cyprus,CYP,2024,0.751259
Cyprus,CYP,2025,0.860959
Czechia,CZE,2000,7.2E-05
Czechia,CZE,2001,0.000124
Czechia,CZE,2002,0.000155
Czechia,CZE,2003,0.000289
Czechia,CZE,2004,0.000413
Czechia,CZE,2005,0.000586
Czechia,CZE,2006,0.000841
Czechia,CZE,2007,0.003961
Czechia,CZE,2008,0.0395
Czechia,CZE,2009,0.4646
Czechia,CZE,2010,1.727
Czechia,CZE,2011,1.909353
Czechia,CZE,2012,2.014161
Czechia,CZE,2013,2.052946
Czechia,CZE,2014,2.056459
Czechia,CZE,2015,2.063038
Czechia,CZE,2016,2.055408
Czechia,CZE,2017,2.061906
Czechia,CZE,2018,2.06752
Czechia,CZE,2019,2.0848482
Czechia,CZE,2020,2.124177
Czechia,CZE,2021,2.176671
Czechia,CZE,2022,2.403759
Czechia,CZE,2023,3.239399
Czechia,CZE,2024,3.98421
Czechia,CZE,2025,4.54081
Democratic Republic of Congo,COD,2020,0.0013
Democratic Republic of Congo,COD,2021,0.00164
Democratic Republic of Congo,COD,2022,0.003495
Democratic Republic of Congo,COD,2023,0.00385
Democratic Republic of Congo,COD,2024,0.0087
Democratic Republic of Congo,COD,2025,0.0087
Denmark,DNK,2000,0.001
Denmark,DNK,2001,0.001
Denmark,DNK,2002,0.002
Denmark,DNK,2003,0.002
Denmark,DNK,2004,0.002
Denmark,DNK,2005,0.003
Denmark,DNK,2006,0.003
Denmark,DNK,2007,0.003
Denmark,DNK,2008,0.003
Denmark,DNK,2009,0.005
Denmark,DNK,2010,0.007
Denmark,DNK,2011,0.017
Denmark,DNK,2012,0.402
Denmark,DNK,2013,0.571
Denmark,DNK,2014,0.60669
Denmark,DNK,2015,0.78210795
Denmark,DNK,2016,0.850953
Denmark,DNK,2017,0.90634996
Denmark,DNK,2018,0.998
Denmark,DNK,2019,1.08
Denmark,DNK,2020,1.304295
Denmark,DNK,2021,1.704041
Denmark,DNK,2022,3.0698998
Denmark,DNK,2023,3.529
Denmark,DNK,2024,3.945
Denmark,DNK,2025,5.046
Dominica,DMA,2000,0.00008
Dominica,DMA,2001,0.00008
Dominica,DMA,2002,0.00009
Dominica,DMA,2003,0.00009
Dominica,DMA,2004,0.0001
Dominica,DMA,2005,0.0001
Dominica,DMA,2006,0.00012
Dominica,DMA,2007,0.00018
Dominica,DMA,2008,0.0002
Dominica,DMA,2009,0.00021
Dominica,DMA,2010,0.00022
Dominica,DMA,2011,0.00022
Dominica,DMA,2012,0.00023
Dominica,DMA,2013,0.00023
Dominica,DMA,2014,0.00023
Dominica,DMA,2015,0.00023
Dominica,DMA,2016,0.00063
Dominica,DMA,2017,0.00063
Dominica,DMA,2018,0.000315
Dominica,DMA,2019,0.000315
Dominica,DMA,2020,0.000315
Dominica,DMA,2021,0.000315
Dominica,DMA,2022,0.000315
Dominica,DMA,2023,0.000945
Dominica,DMA,2024,0.000955
Dominica,DMA,2025,0.000955
Dominican Republic,DOM,2011,0.00001
Dominican Republic,DOM,2012,0.00293
Dominican Republic,DOM,2013,0.00686
Dominican Republic,DOM,2014,0.0133
Dominican Republic,DOM,2015,0.0221
Dominican Republic,DOM,2016,0.069800004
Dominican Republic,DOM,2017,0.0934
Dominican Republic,DOM,2018,0.1874
Dominican Republic,DOM,2019,0.331
Dominican Republic,DOM,2020,0.381
Dominican Republic,DOM,2021,0.5773
Dominican Republic,DOM,2022,0.7234
Dominican Republic,DOM,2023,1.0576999
Dominican Republic,DOM,2024,1.4035
Dominican Republic,DOM,2025,2.06396
East Timor,TLS,2016,0.0003
East Timor,TLS,2017,0.0003
East Timor,TLS,2018,0.0003
East Timor,TLS,2019,0.0003
East Timor,TLS,2020,0.0003
East Timor,TLS,2021,0.0003
East Timor,TLS,2022,0.0003
East Timor,TLS,2023,0.000314
East Timor,TLS,2024,0.000314
East Timor,TLS,2025,0.000626
Ecuador,ECU,2013,0.0035
Ecuador,ECU,2014,0.0245
Ecuador,ECU,2015,0.0236
Ecuador,ECU,2016,0.0245
Ecuador,ECU,2017,0.0245
Ecuador,ECU,2018,0.0245
Ecuador,ECU,2019,0.0245
Ecuador,ECU,2020,0.0245
Ecuador,ECU,2021,0.0245
Ecuador,ECU,2022,0.0245
Ecuador,ECU,2023,0.025115
Ecuador,ECU,2024,0.024815
Ecuador,ECU,2025,0.119715005
Egypt,EGY,2016,0.009
Egypt,EGY,2017,0.13
Egypt,EGY,2018,0.7
Egypt,EGY,2019,1.597
Egypt,EGY,2020,1.591
Egypt,EGY,2021,1.612
Egypt,EGY,2022,1.638
Egypt,EGY,2023,1.77
Egypt,EGY,2024,2.504
Egypt,EGY,2025,3.217
El Salvador,SLV,2013,0.000098
El Salvador,SLV,2014,0.000098
El Salvador,SLV,2015,0.01094
El Salvador,SLV,2016,0.012046
El Salvador,SLV,2017,0.10964599
El Salvador,SLV,2018,0.166498
El Salvador,SLV,2019,0.40633503
El Salvador,SLV,2020,0.47446004
El Salvador,SLV,2021,0.53907496
El Salvador,SLV,2022,0.567145
El Salvador,SLV,2023,0.64277
El Salvador,SLV,2024,0.735315
El Salvador,SLV,2025,0.735315
Eritrea,ERI,2025,0.00029197
Estonia,EST,2009,0.0001
Estonia,EST,2010,0.0001
Estonia,EST,2011,0.0002
Estonia,EST,2012,0.00038
Estonia,EST,2013,0.0015
Estonia,EST,2014,0.00334
Estonia,EST,2015,0.0065
Estonia,EST,2016,0.01
Estonia,EST,2017,0.015
Estonia,EST,2018,0.0319
Estonia,EST,2019,0.1206
Estonia,EST,2020,0.20767
Estonia,EST,2021,0.39477
Estonia,EST,2022,0.52
Estonia,EST,2023,0.813
Estonia,EST,2024,0.87721
Estonia,EST,2025,0.98421
Eswatini,SWZ,2015,0.000026
Eswatini,SWZ,2016,0.000126
Eswatini,SWZ,2017,0.000126
Eswatini,SWZ,2018,0.000126
Eswatini,SWZ,2019,0.000126
Eswatini,SWZ,2020,0.000126
Eswatini,SWZ,2021,0.010126
Eswatini,SWZ,2022,0.010126
Eswatini,SWZ,2023,0.027897999
Eswatini,SWZ,2024,0.027897999
Eswatini,SWZ,2025,0.027897999
Europe,OWID_EUR,2000,0.194366
Europe,OWID_EUR,2001,0.294527
Europe,OWID_EUR,2002,0.379919
Europe,OWID_EUR,2003,0.61813396
Europe,OWID_EUR,2004,1.329197
Europe,OWID_EUR,2005,2.308847
Europe,OWID_EUR,2006,3.259479
Europe,OWID_EUR,2007,5.032484
Europe,OWID_EUR,2008,10.459631
Europe,OWID_EUR,2009,16.838554
Europe,OWID_EUR,2010,29.957167
Europe,OWID_EUR,2011,53.339638
Europe,OWID_EUR,2012,71.37429
Europe,OWID_EUR,2013,81.542175
Europe,OWID_EUR,2014,88.6807
Europe,OWID_EUR,2015,97.08712
Europe,OWID_EUR,2016,103.61313
Europe,OWID_EUR,2017,109.18307
Europe,OWID_EUR,2018,118.81563
Europe,OWID_EUR,2019,139.86584
Europe,OWID_EUR,2020,160.39655
Europe,OWID_EUR,2021,188.92258
Europe,OWID_EUR,2022,223.65768
Europe,OWID_EUR,2023,282.13873
Europe,OWID_EUR,2024,345.1366
Europe,OWID_EUR,2025,407.90823
European Union (27),OWID_EU27,2000,0.176366
European Union (27),OWID_EU27,2001,0.273427
European Union (27),OWID_EU27,2002,0.355719
European Union (27),OWID_EU27,2003,0.589834
European Union (27),OWID_EU27,2004,1.296797
European Union (27),OWID_EU27,2005,2.269247
European Union (27),OWID_EU27,2006,3.2147791
European Union (27),OWID_EU27,2007,4.976584
European Union (27),OWID_EU27,2008,10.377931
European Union (27),OWID_EU27,2009,16.722055
European Union (27),OWID_EU27,2010,29.723557
European Union (27),OWID_EU27,2011,51.915546
European Union (27),OWID_EU27,2012,68.79747
European Union (27),OWID_EU27,2013,77.08359
European Union (27),OWID_EU27,2014,80.93704
European Union (27),OWID_EU27,2015,84.864914
European Union (27),OWID_EU27,2016,88.573555
European Union (27),OWID_EU27,2017,92.65685
European Union (27),OWID_EU27,2018,100.52974
European Union (27),OWID_EU27,2019,116.38162
European Union (27),OWID_EU27,2020,134.24437
European Union (27),OWID_EU27,2021,160.6064
European Union (27),OWID_EU27,2022,193.0644
European Union (27),OWID_EU27,2023,247.5119
European Union (27),OWID_EU27,2024,307.07327
European Union (27),OWID_EU27,2025,364.2727
Falkland Islands,FLK,2024,0.000012
Falkland Islands,FLK,2025,0.000012
Faroe Islands,FRO,2019,0.000261
Faroe Islands,FRO,2020,0.000261
Faroe Islands,FRO,2021,0.000261
Faroe Islands,FRO,2022,0.000261
Faroe Islands,FRO,2023,0.000261
Faroe Islands,FRO,2024,0.000261
Faroe Islands,FRO,2025,0.000877
Fiji,FJI,2012,0.000363
Fiji,FJI,2013,0.000363
Fiji,FJI,2014,0.000693
Fiji,FJI,2015,0.001424
Fiji,FJI,2016,0.001424
Fiji,FJI,2017,0.003163
Fiji,FJI,2018,0.003322
Fiji,FJI,2019,0.003325
Fiji,FJI,2020,0.003575
Fiji,FJI,2021,0.003575
Fiji,FJI,2022,0.003726
Fiji,FJI,2023,0.003764
Fiji,FJI,2024,0.004772
Fiji,FJI,2025,0.004772
Finland,FIN,2000,0.002
Finland,FIN,2001,0.003
Finland,FIN,2002,0.003
Finland,FIN,2003,0.003
Finland,FIN,2004,0.004
Finland,FIN,2005,0.004
Finland,FIN,2006,0.005
Finland,FIN,2007,0.005
Finland,FIN,2008,0.006
Finland,FIN,2009,0.006
Finland,FIN,2010,0.007
Finland,FIN,2011,0.007
Finland,FIN,2012,0.008
Finland,FIN,2013,0.009
Finland,FIN,2014,0.011
Finland,FIN,2015,0.017
Finland,FIN,2016,0.037
Finland,FIN,2017,0.077
Finland,FIN,2018,0.133
Finland,FIN,2019,0.21
Finland,FIN,2020,0.299
Finland,FIN,2021,0.398
Finland,FIN,2022,0.64900017
Finland,FIN,2023,0.9862067
Finland,FIN,2024,1.2188302
Finland,FIN,2025,1.5658302
France,FRA,2000,0.007
France,FRA,2001,0.007
France,FRA,2002,0.008
France,FRA,2003,0.009
France,FRA,2004,0.011
France,FRA,2005,0.013
France,FRA,2006,0.015
France,FRA,2007,0.026
France,FRA,2008,0.08
France,FRA,2009,0.277
France,FRA,2010,1.044
France,FRA,2011,2.988578
France,FRA,2012,4.3007565
France,FRA,2013,5.1602807
France,FRA,2014,5.8614054
France,FRA,2015,6.8195405
France,FRA,2016,7.3190794
France,FRA,2017,7.6560597
France,FRA,2018,8.83093
France,FRA,2019,9.891611
France,FRA,2020,11.046116
France,FRA,2021,14.017217
France,FRA,2022,16.616232
France,FRA,2023,19.948767
France,FRA,2024,25.29919
France,FRA,2025,31.069191
French Guiana,GUF,2005,6.1E-05
French Guiana,GUF,2006,6.1E-05
French Guiana,GUF,2007,6.1E-05
French Guiana,GUF,2008,0.000476
French Guiana,GUF,2009,0.001784
French Guiana,GUF,2010,0.022454001
French Guiana,GUF,2011,0.035342
French Guiana,GUF,2012,0.035791002
French Guiana,GUF,2013,0.036047
French Guiana,GUF,2014,0.036259
French Guiana,GUF,2015,0.046055
French Guiana,GUF,2016,0.046055
French Guiana,GUF,2017,0.046111
French Guiana,GUF,2018,0.046181
French Guiana,GUF,2019,0.046181
French Guiana,GUF,2020,0.056207
French Guiana,GUF,2021,0.057124
French Guiana,GUF,2022,0.058595
French Guiana,GUF,2023,0.064881004
French Guiana,GUF,2024,0.067655
French Guiana,GUF,2025,0.068345
French Polynesia,PYF,2004,0.000056
French Polynesia,PYF,2005,0.000193
French Polynesia,PYF,2006,0.000375
French Polynesia,PYF,2007,0.000525
French Polynesia,PYF,2008,0.000745
French Polynesia,PYF,2009,0.000973
French Polynesia,PYF,2010,0.0015
French Polynesia,PYF,2011,0.0095
French Polynesia,PYF,2012,0.012680001
French Polynesia,PYF,2013,0.0175
French Polynesia,PYF,2014,0.022799999
French Polynesia,PYF,2015,0.0266
French Polynesia,PYF,2016,0.0289
French Polynesia,PYF,2017,0.0315
French Polynesia,PYF,2018,0.034900002
French Polynesia,PYF,2019,0.0378
French Polynesia,PYF,2020,0.041314
French Polynesia,PYF,2021,0.042375
French Polynesia,PYF,2022,0.048821997
French Polynesia,PYF,2023,0.049567997
French Polynesia,PYF,2024,0.077272005
French Polynesia,PYF,2025,0.077607006
Gabon,GAB,2024,0.011
Gabon,GAB,2025,0.011
Gambia,GMB,2013,0.000031
Gambia,GMB,2014,0.000106
Gambia,GMB,2015,0.000166
Gambia,GMB,2016,0.000176
Gambia,GMB,2017,0.000176
Gambia,GMB,2018,0.000176
Gambia,GMB,2019,0.000677
Gambia,GMB,2020,0.000677
Gambia,GMB,2021,0.000677
Gambia,GMB,2022,0.000677
Gambia,GMB,2023,0.000677
Gambia,GMB,2024,0.023677
Gambia,GMB,2025,0.023677
Georgia,GEO,2016,5E-05
Georgia,GEO,2017,0.0002
Georgia,GEO,2018,0.00069
Georgia,GEO,2019,0.00218
Georgia,GEO,2020,0.00415
Georgia,GEO,2021,0.01781
Georgia,GEO,2022,0.03468
Georgia,GEO,2023,0.06351
Georgia,GEO,2024,0.13786
Georgia,GEO,2025,0.31626
Germany,DEU,2000,0.114
Germany,DEU,2001,0.195
Germany,DEU,2002,0.26
Germany,DEU,2003,0.435
Germany,DEU,2004,1.105
Germany,DEU,2005,2.056
Germany,DEU,2006,2.899
Germany,DEU,2007,4.17
Germany,DEU,2008,6.12
Germany,DEU,2009,10.564
Germany,DEU,2010,18.004
Germany,DEU,2011,25.914
Germany,DEU,2012,34.075
Germany,DEU,2013,36.708
Germany,DEU,2014,37.898
Germany,DEU,2015,39.222
Germany,DEU,2016,40.677
Germany,DEU,2017,42.291
Germany,DEU,2018,45.156
Germany,DEU,2019,48.912
Germany,DEU,2020,53.669
Germany,DEU,2021,60.036
Germany,DEU,2022,61.188
Germany,DEU,2023,75.519
Germany,DEU,2024,91.204
Germany,DEU,2025,107.192
Ghana,GHA,2013,0.002995
Ghana,GHA,2014,0.002943
Ghana,GHA,2015,0.023200002
Ghana,GHA,2016,0.025926001
Ghana,GHA,2017,0.030292
Ghana,GHA,2018,0.059833
Ghana,GHA,2019,0.069857
Ghana,GHA,2020,0.093977
Ghana,GHA,2021,0.151052
Ghana,GHA,2022,0.154153
Ghana,GHA,2023,0.173363
Ghana,GHA,2024,0.173363
Ghana,GHA,2025,0.173363
Greece,GRC,2001,0.001
Greece,GRC,2002,0.001
Greece,GRC,2003,0.001
Greece,GRC,2004,0.001
Greece,GRC,2005,0.001
Greece,GRC,2006,0.005
Greece,GRC,2007,0.009
Greece,GRC,2008,0.012
Greece,GRC,2009,0.046
Greece,GRC,2010,0.202
Greece,GRC,2011,0.612
Greece,GRC,2012,1.536
Greece,GRC,2013,2.579
Greece,GRC,2014,2.596
Greece,GRC,2015,2.604
Greece,GRC,2016,2.604
Greece,GRC,2017,2.551539
Greece,GRC,2018,2.5910301
Greece,GRC,2019,2.753803
Greece,GRC,2020,3.1737251
Greece,GRC,2021,4.0734
Greece,GRC,2022,5.1040783
Greece,GRC,2023,6.688703
Greece,GRC,2024,8.826921
Greece,GRC,2025,11.076922
Grenada,GRD,2007,0
Grenada,GRD,2008,0.000069
Grenada,GRD,2009,0.000112
Grenada,GRD,2010,0.000179
Grenada,GRD,2011,0.00027
Grenada,GRD,2012,0.000312
Grenada,GRD,2013,0.000515
Grenada,GRD,2014,0.000698
Grenada,GRD,2015,0.001023
Grenada,GRD,2016,0.002185
Grenada,GRD,2017,0.002282
Grenada,GRD,2018,0.002655
Grenada,GRD,2019,0.003274
Grenada,GRD,2020,0.0036
Grenada,GRD,2021,0.003654
Grenada,GRD,2022,0.003654
Grenada,GRD,2023,0.00378
Grenada,GRD,2024,0.00378
Grenada,GRD,2025,0.00378
Guadeloupe,GLP,2005,0.000559
Guadeloupe,GLP,2006,0.001715
Guadeloupe,GLP,2007,0.00272
Guadeloupe,GLP,2008,0.005034
Guadeloupe,GLP,2009,0.011074
Guadeloupe,GLP,2010,0.022478001
Guadeloupe,GLP,2011,0.055066
Guadeloupe,GLP,2012,0.066879
Guadeloupe,GLP,2013,0.068675004
Guadeloupe,GLP,2014,0.069599
Guadeloupe,GLP,2015,0.069864
Guadeloupe,GLP,2016,0.069863
Guadeloupe,GLP,2017,0.07049201
Guadeloupe,GLP,2018,0.072217
Guadeloupe,GLP,2019,0.083472
Guadeloupe,GLP,2020,0.08760499
Guadeloupe,GLP,2021,0.08989599
Guadeloupe,GLP,2022,0.093031995
Guadeloupe,GLP,2023,0.095
Guadeloupe,GLP,2024,0.095
Guadeloupe,GLP,2025,0.105
Guam,GUM,2009,0.000045
Guam,GUM,2010,0.00009
Guam,GUM,2011,0.000135
Guam,GUM,2012,0.000315
Guam,GUM,2013,0.00081
Guam,GUM,2014,0.00144
Guam,GUM,2015,0.03195
Guam,GUM,2016,0.03465
Guam,GUM,2017,0.0363
Guam,GUM,2018,0.03808
Guam,GUM,2019,0.03973
Guam,GUM,2020,0.04138
Guam,GUM,2021,0.043029997
Guam,GUM,2022,0.10468
Guam,GUM,2023,0.104797006
Guam,GUM,2024,0.104797006
Guam,GUM,2025,0.104797006
Guatemala,GTM,2014,0.005
Guatemala,GTM,2015,0.085
Guatemala,GTM,2016,0.085
Guatemala,GTM,2017,0.0925
Guatemala,GTM,2018,0.0925
Guatemala,GTM,2019,0.0925
Guatemala,GTM,2020,0.093
Guatemala,GTM,2021,0.093
Guatemala,GTM,2022,0.0965
Guatemala,GTM,2023,0.1013
Guatemala,GTM,2024,0.1013
Guatemala,GTM,2025,0.1013
Guinea,GIN,2012,0.00002
Guinea,GIN,2013,0.00004
Guinea,GIN,2014,0.00004
Guinea,GIN,2015,0.00004
Guinea,GIN,2016,0.00004
Guinea,GIN,2017,0.00004
Guinea,GIN,2018,0.00008
Guinea,GIN,2019,0.00008
Guinea,GIN,2020,0.00008
Guinea,GIN,2021,0.00008
Guinea,GIN,2022,0.00008
Guinea,GIN,2023,0.00008
Guinea,GIN,2024,0.00008
Guinea,GIN,2025,0.00020485
Guyana,GUY,2000,0.000011
Guyana,GUY,2001,0.000011
Guyana,GUY,2002,0.000011
Guyana,GUY,2003,0.000017
Guyana,GUY,2004,0.000017
Guyana,GUY,2005,1.8E-05
Guyana,GUY,2006,0.000026
Guyana,GUY,2007,0.000026
Guyana,GUY,2008,0.000068
Guyana,GUY,2009,0.000089
Guyana,GUY,2010,0.000173
Guyana,GUY,2011,0.000931
Guyana,GUY,2012,0.000983
Guyana,GUY,2013,0.001046
Guyana,GUY,2014,0.001106
Guyana,GUY,2015,0.001164
Guyana,GUY,2016,0.001609
Guyana,GUY,2017,0.002701
Guyana,GUY,2018,0.005219
Guyana,GUY,2019,0.006519
Guyana,GUY,2020,0.006519
Guyana,GUY,2021,0.006519
Guyana,GUY,2022,0.009545
Guyana,GUY,2023,0.009945
Guyana,GUY,2024,0.009945
Guyana,GUY,2025,0.024945
Haiti,HTI,2011,0.000028
Haiti,HTI,2012,0.000428
Haiti,HTI,2013,0.00058
Haiti,HTI,2014,0.00067
Haiti,HTI,2015,0.00081
Haiti,HTI,2016,0.00081
Haiti,HTI,2017,0.00126
Haiti,HTI,2018,0.001485
Haiti,HTI,2019,0.001485
Haiti,HTI,2020,0.001485
Haiti,HTI,2021,0.001485
Haiti,HTI,2022,0.001699
Haiti,HTI,2023,0.002392
Haiti,HTI,2024,0.002392
Haiti,HTI,2025,0.003524
High-income countries,OWID_HIC,2000,0.730189
High-income countries,OWID_HIC,2001,0.995776
High-income countries,OWID_HIC,2002,1.31241
High-income countries,OWID_HIC,2003,1.817994
High-income countries,OWID_HIC,2004,2.882567
High-income countries,OWID_HIC,2005,4.29498
High-income countries,OWID_HIC,2006,5.768635
High-income countries,OWID_HIC,2007,8.088745
High-income countries,OWID_HIC,2008,14.215018
High-income countries,OWID_HIC,2009,22.036572
High-income countries,OWID_HIC,2010,38.68382
High-income countries,OWID_HIC,2011,66.38589
High-income countries,OWID_HIC,2012,90.85108
High-income countries,OWID_HIC,2013,113.401665
High-income countries,OWID_HIC,2014,137.38828
High-income countries,OWID_HIC,2015,165.84987
High-income countries,OWID_HIC,2016,194.54156
High-income countries,OWID_HIC,2017,220.40973
High-income countries,OWID_HIC,2018,252.73853
High-income countries,OWID_HIC,2019,297.6836
High-income countries,OWID_HIC,2020,352.39972
High-income countries,OWID_HIC,2021,419.83957
High-income countries,OWID_HIC,2022,491.9946
High-income countries,OWID_HIC,2023,599.1889
High-income countries,OWID_HIC,2024,723.622
High-income countries,OWID_HIC,2025,844.8534
Honduras,HND,2015,0.391
Honduras,HND,2016,0.412
Honduras,HND,2017,0.45389998
Honduras,HND,2018,0.51379997
Honduras,HND,2019,0.515821
Honduras,HND,2020,0.51592094
Honduras,HND,2021,0.519557
Honduras,HND,2022,0.519632
Honduras,HND,2023,0.519632
Honduras,HND,2024,0.54463196
Honduras,HND,2025,0.579732
Hong Kong,HKG,2017,0.001
Hong Kong,HKG,2018,0.001
Hong Kong,HKG,2019,0.089
Hong Kong,HKG,2020,0.091
Hong Kong,HKG,2021,0.095341004
Hong Kong,HKG,2022,0.1848
Hong Kong,HKG,2023,0.33310002
Hong Kong,HKG,2024,0.405
Hong Kong,HKG,2025,0.421
Hungary,HUN,2007,0.0004
Hungary,HUN,2008,0.001
Hungary,HUN,2009,0.001
Hungary,HUN,2010,0.002
Hungary,HUN,2011,0.004
Hungary,HUN,2012,0.012
Hungary,HUN,2013,0.035
Hungary,HUN,2014,0.089
Hungary,HUN,2015,0.172
Hungary,HUN,2016,0.235
Hungary,HUN,2017,0.344
Hungary,HUN,2018,0.728
Hungary,HUN,2019,1.4
Hungary,HUN,2020,2.131
Hungary,HUN,2021,2.968
Hungary,HUN,2022,4.235
Hungary,HUN,2023,5.91
Hungary,HUN,2024,7.166
Hungary,HUN,2025,8.177
Iceland,ISL,2022,3.6E-05
Iceland,ISL,2023,0.00008
Iceland,ISL,2024,0.00008
Iceland,ISL,2025,0.00008
India,IND,2005,0.00274
India,IND,2006,0.00274
India,IND,2007,0.00212
India,IND,2008,0.00212
India,IND,2009,0.00913
India,IND,2010,0.032
India,IND,2011,0.48148
India,IND,2012,0.828865
India,IND,2013,1.17625
India,IND,2014,3.06268
India,IND,2015,4.87887
India,IND,2016,9.01266
India,IND,2017,17.052372
India,IND,2018,26.02597
India,IND,2019,33.73053
India,IND,2020,37.85228
India,IND,2021,48.003136
India,IND,2022,61.169582
India,IND,2023,70.76232
India,IND,2024,94.031715
India,IND,2025,130.985
Indonesia,IDN,2010,0.00019
Indonesia,IDN,2011,0.00116
Indonesia,IDN,2012,0.00409
Indonesia,IDN,2013,0.009020001
Indonesia,IDN,2014,0.009020001
Indonesia,IDN,2015,0.036939997
Indonesia,IDN,2016,0.0467
Indonesia,IDN,2017,0.05448
Indonesia,IDN,2018,0.02442
Indonesia,IDN,2019,0.10503
Indonesia,IDN,2020,0.107370004
Indonesia,IDN,2021,0.15529
Indonesia,IDN,2022,0.19006
Indonesia,IDN,2023,0.32345998
Indonesia,IDN,2024,0.41614002
Indonesia,IDN,2025,0.96914
Iran,IRN,2004,0.00003
Iran,IRN,2005,0.00003
Iran,IRN,2006,0.00003
Iran,IRN,2007,0.00003
Iran,IRN,2008,0.00003
Iran,IRN,2009,0.00003
Iran,IRN,2010,0.00003
Iran,IRN,2011,0.00007
Iran,IRN,2012,0.00007
Iran,IRN,2013,0.000609
Iran,IRN,2014,0.009
Iran,IRN,2015,0.009
Iran,IRN,2016,0.04283
Iran,IRN,2017,0.1841
Iran,IRN,2018,0.286
Iran,IRN,2019,0.3455
Iran,IRN,2020,0.42939
Iran,IRN,2021,0.45548
Iran,IRN,2022,0.539
Iran,IRN,2023,0.59465003
Iran,IRN,2024,0.78126
Iran,IRN,2025,1.78126
Iraq,IRQ,2018,0.000576
Iraq,IRQ,2019,0.000576
Iraq,IRQ,2020,0.000576
Iraq,IRQ,2021,0.000576
Iraq,IRQ,2022,0.002576
Iraq,IRQ,2023,0.002576
Iraq,IRQ,2024,0.002576
Iraq,IRQ,2025,0.024576
Ireland,IRL,2009,0.000561
Ireland,IRL,2010,0.00063
Ireland,IRL,2011,0.000717
Ireland,IRL,2012,0.000855
Ireland,IRL,2013,0.001094
Ireland,IRL,2014,0.001493
Ireland,IRL,2015,0.002707
Ireland,IRL,2016,0.006263
Ireland,IRL,2017,0.013161
Ireland,IRL,2018,0.024006
Ireland,IRL,2019,0.044717997
Ireland,IRL,2020,0.072893
Ireland,IRL,2021,0.111951
Ireland,IRL,2022,0.22681999
Ireland,IRL,2023,0.783792
Ireland,IRL,2024,1.323401
Ireland,IRL,2025,2.328401
Israel,ISR,2005,0.001
Israel,ISR,2006,0.0013
Israel,ISR,2007,0.0018
Israel,ISR,2008,0.003
Israel,ISR,2009,0.0245
Israel,ISR,2010,0.0699
Israel,ISR,2011,0.18969999
Israel,ISR,2012,0.28
Israel,ISR,2013,0.44
Israel,ISR,2014,0.65
Israel,ISR,2015,0.79
Israel,ISR,2016,0.9
Israel,ISR,2017,1
Israel,ISR,2018,1.34
Israel,ISR,2019,1.89
Israel,ISR,2020,2.41
Israel,ISR,2021,3.349
Israel,ISR,2022,4.39
Israel,ISR,2023,5.274
Israel,ISR,2024,5.3634
Israel,ISR,2025,7.121
Italy,ITA,2000,0.019
Italy,ITA,2001,0.02
Italy,ITA,2002,0.022
Italy,ITA,2003,0.026
Italy,ITA,2004,0.031
Italy,ITA,2005,0.034
Italy,ITA,2006,0.045
Italy,ITA,2007,0.11
Italy,ITA,2008,0.483
Italy,ITA,2009,1.264
Italy,ITA,2010,3.592
Italy,ITA,2011,13.037
Italy,ITA,2012,16.654
Italy,ITA,2013,18.027
Italy,ITA,2014,18.436
Italy,ITA,2015,18.737
Italy,ITA,2016,19.111
Italy,ITA,2017,19.49929
Italy,ITA,2018,19.911594
Italy,ITA,2019,20.620272
Italy,ITA,2020,21.354038
Italy,ITA,2021,22.28095
Italy,ITA,2022,24.555248
Italy,ITA,2023,29.351395
Italy,ITA,2024,35.43715
Italy,ITA,2025,41.183147
Jamaica,JAM,2001,0.0001
Jamaica,JAM,2002,0.0001
Jamaica,JAM,2003,0.0001
Jamaica,JAM,2004,0.0002
Jamaica,JAM,2005,0.0002
Jamaica,JAM,2006,0.0002
Jamaica,JAM,2007,0.0004
Jamaica,JAM,2008,0.0006
Jamaica,JAM,2009,0.0007
Jamaica,JAM,2010,0.001
Jamaica,JAM,2011,0.0015
Jamaica,JAM,2012,0.0018
Jamaica,JAM,2013,0.0021
Jamaica,JAM,2014,0.0041
Jamaica,JAM,2015,0.0065
Jamaica,JAM,2016,0.0275
Jamaica,JAM,2017,0.0555
Jamaica,JAM,2018,0.0555
Jamaica,JAM,2019,0.107
Jamaica,JAM,2020,0.107
Jamaica,JAM,2021,0.108
Jamaica,JAM,2022,0.11005
Jamaica,JAM,2023,0.11305001
Jamaica,JAM,2024,0.11656
Jamaica,JAM,2025,0.11656
Japan,JPN,2000,0.33
Japan,JPN,2001,0.453
Japan,JPN,2002,0.637
Japan,JPN,2003,0.86
Japan,JPN,2004,1.132
Japan,JPN,2005,1.422
Japan,JPN,2006,1.708
Japan,JPN,2007,1.919
Japan,JPN,2008,2.144
Japan,JPN,2009,2.627
Japan,JPN,2010,3.618
Japan,JPN,2011,4.914
Japan,JPN,2012,6.632
Japan,JPN,2013,13.599
Japan,JPN,2014,23.339
Japan,JPN,2015,34.15
Japan,JPN,2016,42.04
Japan,JPN,2017,49.49963
Japan,JPN,2018,56.16163
Japan,JPN,2019,63.192
Japan,JPN,2020,71.868
Japan,JPN,2021,78.413
Japan,JPN,2022,83.057
Japan,JPN,2023,87.068
Japan,JPN,2024,89.601
Japan,JPN,2025,92.211
Jordan,JOR,2015,0.05621
Jordan,JOR,2016,0.3105
Jordan,JOR,2017,0.41695002
Jordan,JOR,2018,0.75957
Jordan,JOR,2019,0.97032
Jordan,JOR,2020,1.5385
Jordan,JOR,2021,1.8075
Jordan,JOR,2022,1.9626
Jordan,JOR,2023,1.9865999
Jordan,JOR,2024,2.1918
Jordan,JOR,2025,2.1918
Kazakhstan,KAZ,2013,0.0005
Kazakhstan,KAZ,2014,0.00504
Kazakhstan,KAZ,2015,0.057056
Kazakhstan,KAZ,2016,0.057299998
Kazakhstan,KAZ,2017,0.0588
Kazakhstan,KAZ,2018,0.209
Kazakhstan,KAZ,2019,0.5417
Kazakhstan,KAZ,2020,0.9116
Kazakhstan,KAZ,2021,1.0376099
Kazakhstan,KAZ,2022,1.146232
Kazakhstan,KAZ,2023,1.2049379
Kazakhstan,KAZ,2024,1.228807
Kazakhstan,KAZ,2025,1.325267
Kenya,KEN,2011,0.000515
Kenya,KEN,2012,0.000515
Kenya,KEN,2013,0.000747
Kenya,KEN,2014,0.002347
Kenya,KEN,2015,0.002585
Kenya,KEN,2016,0.00585433
Kenya,KEN,2017,0.009768819
Kenya,KEN,2018,0.06159952
Kenya,KEN,2019,0.06653163
Kenya,KEN,2020,0.067685634
Kenya,KEN,2021,0.11545563
Kenya,KEN,2022,0.20501962
Kenya,KEN,2023,0.4104
Kenya,KEN,2024,0.4849
Kenya,KEN,2025,0.4849
Kiribati,KIR,2008,1.8E-05
Kiribati,KIR,2009,1.8E-05
Kiribati,KIR,2010,1.8E-05
Kiribati,KIR,2011,1.8E-05
Kiribati,KIR,2012,1.8E-05
Kiribati,KIR,2013,1.8E-05
Kiribati,KIR,2014,0.000028
Kiribati,KIR,2015,0.000938
Kiribati,KIR,2016,0.001486
Kiribati,KIR,2017,0.001486
Kiribati,KIR,2018,0.001816
Kiribati,KIR,2019,0.001816
Kiribati,KIR,2020,0.001816
Kiribati,KIR,2021,0.001816
Kiribati,KIR,2022,0.001816
Kiribati,KIR,2023,0.001816
Kiribati,KIR,2024,0.001816
Kiribati,KIR,2025,0.001816
Kosovo,OWID_KOS,2015,0.000102
Kosovo,OWID_KOS,2016,0.00195
Kosovo,OWID_KOS,2017,0.006602
Kosovo,OWID_KOS,2018,0.006602
Kosovo,OWID_KOS,2019,0.01
Kosovo,OWID_KOS,2020,0.01
Kosovo,OWID_KOS,2021,0.014148
Kosovo,OWID_KOS,2022,0.014148
Kosovo,OWID_KOS,2023,0.014148
Kosovo,OWID_KOS,2024,0.023733
Kosovo,OWID_KOS,2025,0.024933001
Kuwait,KWT,2011,0.000007
Kuwait,KWT,2012,0.000007
Kuwait,KWT,2013,0.000114
Kuwait,KWT,2014,0.002049
Kuwait,KWT,2015,0.003181
Kuwait,KWT,2016,0.020509
Kuwait,KWT,2017,0.021424
Kuwait,KWT,2018,0.032484002
Kuwait,KWT,2019,0.032759
Kuwait,KWT,2020,0.032759
Kuwait,KWT,2021,0.032759
Kuwait,KWT,2022,0.050162
Kuwait,KWT,2023,0.050162
Kuwait,KWT,2024,0.050162
Kuwait,KWT,2025,0.050162
Kyrgyzstan,KGZ,2023,0.00008
Kyrgyzstan,KGZ,2024,0.00008
Kyrgyzstan,KGZ,2025,0.10008
Laos,LAO,2010,0.000006
Laos,LAO,2011,0.000006
Laos,LAO,2012,0.000006
Laos,LAO,2013,0.000006
Laos,LAO,2014,0.000636
Laos,LAO,2015,0.000636
Laos,LAO,2016,0.000726
Laos,LAO,2017,0.006798
Laos,LAO,2018,0.032726
Laos,LAO,2019,0.032726
Laos,LAO,2020,0.043726
Laos,LAO,2021,0.057741
Laos,LAO,2022,0.057741
Laos,LAO,2023,0.057758998
Laos,LAO,2024,0.057758998
Laos,LAO,2025,1.057759
Latvia,LVA,2016,0.00069
Latvia,LVA,2017,0.00069
Latvia,LVA,2018,0.001962
Latvia,LVA,2019,0.003302
Latvia,LVA,2020,0.005102
Latvia,LVA,2021,0.007155
Latvia,LVA,2022,0.113
Latvia,LVA,2023,0.319
Latvia,LVA,2024,0.660406
Latvia,LVA,2025,0.922406
Lebanon,LBN,2010,0.00033
Lebanon,LBN,2011,0.00047
Lebanon,LBN,2012,0.000781
Lebanon,LBN,2013,0.001794
Lebanon,LBN,2014,0.004105
Lebanon,LBN,2015,0.010778
Lebanon,LBN,2016,0.023416
Lebanon,LBN,2017,0.035702
Lebanon,LBN,2018,0.05132
Lebanon,LBN,2019,0.073120005
Lebanon,LBN,2020,0.08742
Lebanon,LBN,2021,0.20141001
Lebanon,LBN,2022,0.86441
Lebanon,LBN,2023,1.0761191
Lebanon,LBN,2024,1.0761191
Lebanon,LBN,2025,1.5
Lesotho,LSO,2013,0.00028
Lesotho,LSO,2014,0.00028
Lesotho,LSO,2015,0.00028
Lesotho,LSO,2016,0.00028
Lesotho,LSO,2017,0.00028
Lesotho,LSO,2018,0.00028
Lesotho,LSO,2019,0.00028
Lesotho,LSO,2020,0.00028
Lesotho,LSO,2021,0.00028
Lesotho,LSO,2022,0.00028
Lesotho,LSO,2023,0.028280001
Lesotho,LSO,2024,0.028280001
Lesotho,LSO,2025,0.028280001
Liberia,LBR,2021,0.00007
Liberia,LBR,2022,0.00007
Liberia,LBR,2023,0.00007
Liberia,LBR,2024,0.00007
Liberia,LBR,2025,0.00007
Libya,LBY,2023,0.002
Libya,LBY,2024,0.002
Libya,LBY,2025,0.00314
Lithuania,LTU,2008,0.0001
Lithuania,LTU,2009,0.0001
Lithuania,LTU,2010,0.0001
Lithuania,LTU,2011,0.0003
Lithuania,LTU,2012,0.007
Lithuania,LTU,2013,0.065654
Lithuania,LTU,2014,0.066606
Lithuania,LTU,2015,0.066606
Lithuania,LTU,2016,0.067541
Lithuania,LTU,2017,0.071247004
Lithuania,LTU,2018,0.079087
Lithuania,LTU,2019,0.100013
Lithuania,LTU,2020,0.160495
Lithuania,LTU,2021,0.250881
Lithuania,LTU,2022,0.56746805
Lithuania,LTU,2023,1.158558
Lithuania,LTU,2024,2.404
Lithuania,LTU,2025,3.124
Low-income countries,OWID_LIC,2001,0.000027
Low-income countries,OWID_LIC,2002,0.000038
Low-income countries,OWID_LIC,2003,0.000257
Low-income countries,OWID_LIC,2004,0.000335
Low-income countries,OWID_LIC,2005,0.000364
Low-income countries,OWID_LIC,2006,0.000419
Low-income countries,OWID_LIC,2007,0.000798324
Low-income countries,OWID_LIC,2008,0.000965606
Low-income countries,OWID_LIC,2009,0.001146634
Low-income countries,OWID_LIC,2010,0.001434169
Low-income countries,OWID_LIC,2011,0.002155563
Low-income countries,OWID_LIC,2012,0.003167493
Low-income countries,OWID_LIC,2013,0.009108
Low-income countries,OWID_LIC,2014,0.022652
Low-income countries,OWID_LIC,2015,0.03563183
Low-income countries,OWID_LIC,2016,0.05402552
Low-income countries,OWID_LIC,2017,0.107456155
Low-income countries,OWID_LIC,2018,0.17292416
Low-income countries,OWID_LIC,2019,0.27357715
Low-income countries,OWID_LIC,2020,0.36134416
Low-income countries,OWID_LIC,2021,0.47613516
Low-income countries,OWID_LIC,2022,0.7550602
Low-income countries,OWID_LIC,2023,1.0278922
Low-income countries,OWID_LIC,2024,1.3010602
Low-income countries,OWID_LIC,2025,1.5812024
Lower-middle-income countries,OWID_LMC,2000,9.4E-05
Lower-middle-income countries,OWID_LMC,2001,0.000185
Lower-middle-income countries,OWID_LMC,2002,0.000283
Lower-middle-income countries,OWID_LMC,2003,0.000328
Lower-middle-income countries,OWID_LMC,2004,0.00036
Lower-middle-income countries,OWID_LMC,2005,0.003283
Lower-middle-income countries,OWID_LMC,2006,0.003517
Lower-middle-income countries,OWID_LMC,2007,0.003945
Lower-middle-income countries,OWID_LMC,2008,0.005309
Lower-middle-income countries,OWID_LMC,2009,0.018268
Lower-middle-income countries,OWID_LMC,2010,0.051523
Lower-middle-income countries,OWID_LMC,2011,0.515024
Lower-middle-income countries,OWID_LMC,2012,0.89420694
Lower-middle-income countries,OWID_LMC,2013,1.321487
Lower-middle-income countries,OWID_LMC,2014,3.2942061
Lower-middle-income countries,OWID_LMC,2015,5.672667
Lower-middle-income countries,OWID_LMC,2016,10.28045
Lower-middle-income countries,OWID_LMC,2017,18.71666
Lower-middle-income countries,OWID_LMC,2018,28.90025
Lower-middle-income countries,OWID_LMC,2019,38.01882
Lower-middle-income countries,OWID_LMC,2020,42.90721
Lower-middle-income countries,OWID_LMC,2021,54.329933
Lower-middle-income countries,OWID_LMC,2022,69.91959
Lower-middle-income countries,OWID_LMC,2023,82.60079
Lower-middle-income countries,OWID_LMC,2024,110.91806
Lower-middle-income countries,OWID_LMC,2025,154.51741
Luxembourg,LUX,2001,0.00016
Luxembourg,LUX,2002,0.001593
Luxembourg,LUX,2003,0.01417
Luxembourg,LUX,2004,0.023561
Luxembourg,LUX,2005,0.023583
Luxembourg,LUX,2006,0.023696
Luxembourg,LUX,2007,0.023934
Luxembourg,LUX,2008,0.024562
Luxembourg,LUX,2009,0.026357
Luxembourg,LUX,2010,0.029451
Luxembourg,LUX,2011,0.040666
Luxembourg,LUX,2012,0.074654
Luxembourg,LUX,2013,0.095021
Luxembourg,LUX,2014,0.109933
Luxembourg,LUX,2015,0.116272
Luxembourg,LUX,2016,0.121896006
Luxembourg,LUX,2017,0.128103
Luxembourg,LUX,2018,0.130624
Luxembourg,LUX,2019,0.159736
Luxembourg,LUX,2020,0.186643
Luxembourg,LUX,2021,0.277161
Luxembourg,LUX,2022,0.316634
Luxembourg,LUX,2023,0.394
Luxembourg,LUX,2024,0.547867
Luxembourg,LUX,2025,0.77386695
Madagascar,MDG,2006,0.000002
Madagascar,MDG,2007,0.000002
Madagascar,MDG,2008,0.000004
Madagascar,MDG,2009,0.000004
Madagascar,MDG,2010,0.000005
Madagascar,MDG,2011,0.000005
Madagascar,MDG,2012,0.000005
Madagascar,MDG,2013,0.000005
Madagascar,MDG,2014,0.000005
Madagascar,MDG,2015,0.000005
Madagascar,MDG,2016,0.000005
Madagascar,MDG,2017,0.000005
Madagascar,MDG,2018,0.020004999
Madagascar,MDG,2019,0.020004999
Madagascar,MDG,2020,0.020004999
Madagascar,MDG,2021,0.020004999
Madagascar,MDG,2022,0.048055
Madagascar,MDG,2023,0.049855
Madagascar,MDG,2024,0.049855
Madagascar,MDG,2025,0.053855
Malawi,MWI,2013,0.00083
Malawi,MWI,2014,0.00083
Malawi,MWI,2015,0.00083
Malawi,MWI,2016,0.00083
Malawi,MWI,2017,0.00083
Malawi,MWI,2018,0.000865
Malawi,MWI,2019,0.000865
Malawi,MWI,2020,0.000865
Malawi,MWI,2021,0.060865
Malawi,MWI,2022,0.101865
Malawi,MWI,2023,0.101865
Malawi,MWI,2024,0.101865
Malawi,MWI,2025,0.101865
Malaysia,MYS,2007,0.00045
Malaysia,MYS,2008,0.00054
Malaysia,MYS,2009,0.00054
Malaysia,MYS,2010,0.00054
Malaysia,MYS,2011,0.00054
Malaysia,MYS,2012,0.02632
Malaysia,MYS,2013,0.115559995
Malaysia,MYS,2014,0.16988
Malaysia,MYS,2015,0.21989
Malaysia,MYS,2016,0.28474
Malaysia,MYS,2017,0.32830998
Malaysia,MYS,2018,0.47353
Malaysia,MYS,2019,0.82166004
Malaysia,MYS,2020,1.475152
Malaysia,MYS,2021,1.5751221
Malaysia,MYS,2022,2.1228068
Malaysia,MYS,2023,2.409157
Malaysia,MYS,2024,3.065437
Malaysia,MYS,2025,3.065437
Mali,MLI,2015,0.000968831
Mali,MLI,2016,0.001230519
Mali,MLI,2017,0.001844156
Mali,MLI,2018,0.001844156
Mali,MLI,2019,0.001844156
Mali,MLI,2020,0.052044157
Mali,MLI,2021,0.052044157
Mali,MLI,2022,0.055944156
Mali,MLI,2023,0.055944156
Mali,MLI,2024,0.09594415
Mali,MLI,2025,0.09594415
Malta,MLT,2005,0.0001
Malta,MLT,2006,0.0001
Malta,MLT,2007,0.0001
Malta,MLT,2008,0.0002
Malta,MLT,2009,0.0009
Malta,MLT,2010,0.0008
Malta,MLT,2011,0.0053
Malta,MLT,2012,0.0157
Malta,MLT,2013,0.027516998
Malta,MLT,2014,0.053608
Malta,MLT,2015,0.073802
Malta,MLT,2016,0.091608
Malta,MLT,2017,0.10877
Malta,MLT,2018,0.128893
Malta,MLT,2019,0.151181
Malta,MLT,2020,0.179907
Malta,MLT,2021,0.194369
Malta,MLT,2022,0.209639
Malta,MLT,2023,0.22610901
Malta,MLT,2024,0.238046
Malta,MLT,2025,0.249546
Marshall Islands,MHL,2009,0.000055
Marshall Islands,MHL,2010,0.000055
Marshall Islands,MHL,2011,0.000055
Marshall Islands,MHL,2012,0.000112
Marshall Islands,MHL,2013,0.000112
Marshall Islands,MHL,2014,0.000375
Marshall Islands,MHL,2015,0.000375
Marshall Islands,MHL,2016,0.000975
Marshall Islands,MHL,2017,0.000975
Marshall Islands,MHL,2018,0.000975
Marshall Islands,MHL,2019,0.000975
Marshall Islands,MHL,2020,0.000975
Marshall Islands,MHL,2021,0.000975
Marshall Islands,MHL,2022,0.001043
Marshall Islands,MHL,2023,0.001157
Marshall Islands,MHL,2024,0.002457
Marshall Islands,MHL,2025,0.002457
Martinique,MTQ,2006,0.0025
Martinique,MTQ,2007,0.004
Martinique,MTQ,2008,0.0073
Martinique,MTQ,2009,0.0142
Martinique,MTQ,2010,0.0264
Martinique,MTQ,2011,0.048
Martinique,MTQ,2012,0.06
Martinique,MTQ,2013,0.062
Martinique,MTQ,2014,0.0625
Martinique,MTQ,2015,0.065400004
Martinique,MTQ,2016,0.0669
Martinique,MTQ,2017,0.0684
Martinique,MTQ,2018,0.071
Martinique,MTQ,2019,0.075846
Martinique,MTQ,2020,0.076634005
Martinique,MTQ,2021,0.0894
Martinique,MTQ,2022,0.096029
Martinique,MTQ,2023,0.10417101
Martinique,MTQ,2024,0.115338005
Martinique,MTQ,2025,0.12245
Mauritania,MRT,2013,0.015
Mauritania,MRT,2014,0.015
Mauritania,MRT,2015,0.015
Mauritania,MRT,2016,0.015
Mauritania,MRT,2017,0.015
Mauritania,MRT,2018,0.06578
Mauritania,MRT,2019,0.066300005
Mauritania,MRT,2020,0.066300005
Mauritania,MRT,2021,0.066300005
Mauritania,MRT,2022,0.0678
Mauritania,MRT,2023,0.0678
Mauritania,MRT,2024,0.0678
Mauritania,MRT,2025,0.0678
Mauritius,MUS,2012,0.00145
Mauritius,MUS,2013,0.00246
Mauritius,MUS,2014,0.01753857
Mauritius,MUS,2015,0.0183687
Mauritius,MUS,2016,0.024729999
Mauritius,MUS,2017,0.02947
Mauritius,MUS,2018,0.07318
Mauritius,MUS,2019,0.099615
Mauritius,MUS,2020,0.11089499
Mauritius,MUS,2021,0.116475
Mauritius,MUS,2022,0.116475
Mauritius,MUS,2023,0.140315
Mauritius,MUS,2024,0.15511501
Mauritius,MUS,2025,0.15519999
Mayotte,MYT,2008,0.000512
Mayotte,MYT,2009,0.001809
Mayotte,MYT,2010,0.008344
Mayotte,MYT,2011,0.012443
Mayotte,MYT,2012,0.013068
Mayotte,MYT,2013,0.013138
Mayotte,MYT,2014,0.013235
Mayotte,MYT,2015,0.013326
Mayotte,MYT,2016,0.013326
Mayotte,MYT,2017,0.015146
Mayotte,MYT,2018,0.015734
Mayotte,MYT,2019,0.016812999
Mayotte,MYT,2020,0.018567
Mayotte,MYT,2021,0.030034
Mayotte,MYT,2022,0.030034
Mayotte,MYT,2023,0.031234
Mayotte,MYT,2024,0.031234
Mayotte,MYT,2025,0.031234
Mexico,MEX,2000,0.014
Mexico,MEX,2001,0.015
Mexico,MEX,2002,0.016
Mexico,MEX,2003,0.016
Mexico,MEX,2004,0.016
Mexico,MEX,2005,0.016
Mexico,MEX,2006,0.016
Mexico,MEX,2007,0.019
Mexico,MEX,2008,0.019
Mexico,MEX,2009,0.02515
Mexico,MEX,2010,0.02981
Mexico,MEX,2011,0.042400002
Mexico,MEX,2012,0.0728
Mexico,MEX,2013,0.109
Mexico,MEX,2014,0.17434
Mexico,MEX,2015,0.295
Mexico,MEX,2016,0.606
Mexico,MEX,2017,1.072
Mexico,MEX,2018,2.753
Mexico,MEX,2019,6.2275896
Mexico,MEX,2020,7.13808
Mexico,MEX,2021,8.901
Mexico,MEX,2022,9.33024
Mexico,MEX,2023,10.884221
Mexico,MEX,2024,11.96656
Mexico,MEX,2025,12.90391
Micronesia (country),FSM,2000,0.0001
Micronesia (country),FSM,2001,0.0001
Micronesia (country),FSM,2002,0.0001
Micronesia (country),FSM,2003,0.0001
Micronesia (country),FSM,2004,0.0001
Micronesia (country),FSM,2005,0.0001
Micronesia (country),FSM,2006,0.0001
Micronesia (country),FSM,2007,0.00018
Micronesia (country),FSM,2008,0.000183
Micronesia (country),FSM,2009,0.000231
Micronesia (country),FSM,2010,0.000231
Micronesia (country),FSM,2011,0.000231
Micronesia (country),FSM,2012,0.000231
Micronesia (country),FSM,2013,0.000296
Micronesia (country),FSM,2014,0.000745
Micronesia (country),FSM,2015,0.000745
Micronesia (country),FSM,2016,0.003645
Micronesia (country),FSM,2017,0.003645
Micronesia (country),FSM,2018,0.004404001
Micronesia (country),FSM,2019,0.005079
Micronesia (country),FSM,2020,0.007079001
Micronesia (country),FSM,2021,0.007079001
Micronesia (country),FSM,2022,0.007079001
Micronesia (country),FSM,2023,0.007079001
Micronesia (country),FSM,2024,0.007014
Micronesia (country),FSM,2025,0.007014
Moldova,MDA,2014,0.001
Moldova,MDA,2015,0.001
Moldova,MDA,2016,0.002
Moldova,MDA,2017,0.002
Moldova,MDA,2018,0.003
Moldova,MDA,2019,0.005
Moldova,MDA,2020,0.0043
Moldova,MDA,2021,0.014475999
Moldova,MDA,2022,0.06013
Moldova,MDA,2023,0.20061
Moldova,MDA,2024,0.39970002
Moldova,MDA,2025,0.71056
Mongolia,MNG,2013,0.000433
Mongolia,MNG,2014,0.000433
Mongolia,MNG,2015,0.000433
Mongolia,MNG,2016,0.010433
Mongolia,MNG,2017,0.043132998
Mongolia,MNG,2018,0.059632998
Mongolia,MNG,2019,0.084633
Mongolia,MNG,2020,0.09
Mongolia,MNG,2021,0.0902
Mongolia,MNG,2022,0.0902
Mongolia,MNG,2023,0.095199995
Mongolia,MNG,2024,0.13
Mongolia,MNG,2025,0.176
Montenegro,MNE,2020,0.00257
Montenegro,MNE,2021,0.00257
Montenegro,MNE,2022,0.00287
Montenegro,MNE,2023,0.017299999
Montenegro,MNE,2024,0.0637
Montenegro,MNE,2025,0.0997
Montserrat,MSR,2019,0.00025
Montserrat,MSR,2020,0.00025
Montserrat,MSR,2021,0.001
Montserrat,MSR,2022,0.001
Montserrat,MSR,2023,0.001018
Montserrat,MSR,2024,0.001018
Montserrat,MSR,2025,0.001018
Morocco,MAR,2007,0.000045
Morocco,MAR,2008,0.000045
Morocco,MAR,2009,0.000045
Morocco,MAR,2010,0.000045
Morocco,MAR,2011,0.000174
Morocco,MAR,2012,0.000174
Morocco,MAR,2013,0.000174
Morocco,MAR,2014,0.0008
Morocco,MAR,2015,0.001
Morocco,MAR,2016,0.001
Morocco,MAR,2017,0.001
Morocco,MAR,2018,0.171
Morocco,MAR,2019,0.171
Morocco,MAR,2020,0.211
Morocco,MAR,2021,0.291
Morocco,MAR,2022,0.291
Morocco,MAR,2023,0.291
Morocco,MAR,2024,0.388
Morocco,MAR,2025,0.523
Mozambique,MOZ,2013,0.00135
Mozambique,MOZ,2014,0.00135
Mozambique,MOZ,2015,0.00135
Mozambique,MOZ,2016,0.00135
Mozambique,MOZ,2017,0.00135
Mozambique,MOZ,2018,0.001552
Mozambique,MOZ,2019,0.041972
Mozambique,MOZ,2020,0.043091998
Mozambique,MOZ,2021,0.043612
Mozambique,MOZ,2022,0.085181996
Mozambique,MOZ,2023,0.100182
Mozambique,MOZ,2024,0.103599995
Mozambique,MOZ,2025,0.103599995
Myanmar,MMR,2019,0.04
Myanmar,MMR,2020,0.04
Myanmar,MMR,2021,0.07
Myanmar,MMR,2022,0.0929
Myanmar,MMR,2023,0.0929
Myanmar,MMR,2024,0.1229
Myanmar,MMR,2025,0.1229
Namibia,NAM,2012,0.000372
Namibia,NAM,2013,0.001189
Namibia,NAM,2014,0.002359
Namibia,NAM,2015,0.013286
Namibia,NAM,2016,0.025592
Namibia,NAM,2017,0.06535201
Namibia,NAM,2018,0.109432995
Namibia,NAM,2019,0.17308299
Namibia,NAM,2020,0.17308299
Namibia,NAM,2021,0.17567599
Namibia,NAM,2022,0.23108499
Namibia,NAM,2023,0.23108499
Namibia,NAM,2024,0.23108499
Namibia,NAM,2025,0.380369
Nauru,NRU,2006,0.00004
Nauru,NRU,2007,0.00004
Nauru,NRU,2008,0.00004
Nauru,NRU,2009,0.00004
Nauru,NRU,2010,0.00004
Nauru,NRU,2011,0.00004
Nauru,NRU,2012,0.00007
Nauru,NRU,2013,0.000202
Nauru,NRU,2014,0.000202
Nauru,NRU,2015,0.000202
Nauru,NRU,2016,0.000702
Nauru,NRU,2017,0.000702
Nauru,NRU,2018,0.000814
Nauru,NRU,2019,0.002309
Nauru,NRU,2020,0.002323
Nauru,NRU,2021,0.002745
Nauru,NRU,2022,0.003005
Nauru,NRU,2023,0.003005
Nauru,NRU,2024,0.003005
Nauru,NRU,2025,0.009005
Nepal,NPL,2011,0.00068
Nepal,NPL,2012,0.00068
Nepal,NPL,2013,0.00068
Nepal,NPL,2014,0.00068
Nepal,NPL,2015,0.00068
Nepal,NPL,2016,0.00068
Nepal,NPL,2017,0.00168
Nepal,NPL,2018,0.001822
Nepal,NPL,2019,0.001822
Nepal,NPL,2020,0.011641
Nepal,NPL,2021,0.036891
Nepal,NPL,2022,0.055931
Nepal,NPL,2023,0.061511002
Nepal,NPL,2024,0.114971
Nepal,NPL,2025,0.155896
Netherlands,NLD,2000,0.013
Netherlands,NLD,2001,0.021
Netherlands,NLD,2002,0.026
Netherlands,NLD,2003,0.046
Netherlands,NLD,2004,0.05
Netherlands,NLD,2005,0.051
Netherlands,NLD,2006,0.053
Netherlands,NLD,2007,0.054
Netherlands,NLD,2008,0.059
Netherlands,NLD,2009,0.069
Netherlands,NLD,2010,0.09
Netherlands,NLD,2011,0.149
Netherlands,NLD,2012,0.287
Netherlands,NLD,2013,0.65
Netherlands,NLD,2014,1.007
Netherlands,NLD,2015,1.5262591
Netherlands,NLD,2016,2.135021
Netherlands,NLD,2017,2.910892
Netherlands,NLD,2018,4.608
Netherlands,NLD,2019,7.2275953
Netherlands,NLD,2020,11.110023
Netherlands,NLD,2021,14.82288
Netherlands,NLD,2022,17.356464
Netherlands,NLD,2023,21.956636
Netherlands,NLD,2024,24.77166
Netherlands,NLD,2025,25.878
New Caledonia,NCL,2005,0.000056
New Caledonia,NCL,2006,0.000056
New Caledonia,NCL,2007,0.000056
New Caledonia,NCL,2008,0.000056
New Caledonia,NCL,2009,0.000056
New Caledonia,NCL,2010,0.002156
New Caledonia,NCL,2011,0.002688
New Caledonia,NCL,2012,0.002688
New Caledonia,NCL,2013,0.002688
New Caledonia,NCL,2014,0.002936
New Caledonia,NCL,2015,0.006293
New Caledonia,NCL,2016,0.009589
New Caledonia,NCL,2017,0.026734
New Caledonia,NCL,2018,0.059954
New Caledonia,NCL,2019,0.103554
New Caledonia,NCL,2020,0.124518
New Caledonia,NCL,2021,0.174728
New Caledonia,NCL,2022,0.209728
New Caledonia,NCL,2023,0.214528
New Caledonia,NCL,2024,0.214528
New Caledonia,NCL,2025,0.218528
New Zealand,NZL,2007,0.003
New Zealand,NZL,2008,0.003
New Zealand,NZL,2009,0.003
New Zealand,NZL,2010,0.003
New Zealand,NZL,2011,0.003
New Zealand,NZL,2012,0.004
New Zealand,NZL,2013,0.009
New Zealand,NZL,2014,0.022
New Zealand,NZL,2015,0.037
New Zealand,NZL,2016,0.053
New Zealand,NZL,2017,0.07062
New Zealand,NZL,2018,0.091308
New Zealand,NZL,2019,0.114649005
New Zealand,NZL,2020,0.14539
New Zealand,NZL,2021,0.19222799
New Zealand,NZL,2022,0.262708
New Zealand,NZL,2023,0.374991
New Zealand,NZL,2024,0.567871
New Zealand,NZL,2025,0.825871
Nicaragua,NIC,2013,0
Nicaragua,NIC,2014,0.00138
Nicaragua,NIC,2015,0.00138
Nicaragua,NIC,2016,0.00138
Nicaragua,NIC,2017,0.01396
Nicaragua,NIC,2018,0.01396
Nicaragua,NIC,2019,0.01396
Nicaragua,NIC,2020,0.01396
Nicaragua,NIC,2021,0.01389
Nicaragua,NIC,2022,0.01389
Nicaragua,NIC,2023,0.01389
Nicaragua,NIC,2024,0.037279997
Nicaragua,NIC,2025,0.10628
Niger,NER,2018,0.007
Niger,NER,2019,0.007
Niger,NER,2020,0.007
Niger,NER,2021,0.007
Niger,NER,2022,0.042
Niger,NER,2023,0.072
Niger,NER,2024,0.072
Niger,NER,2025,0.072
Nigeria,NGA,2006,0.000084
Nigeria,NGA,2007,0.000084
Nigeria,NGA,2008,0.000084
Nigeria,NGA,2009,0.000268
Nigeria,NGA,2010,0.000274
Nigeria,NGA,2011,0.000274
Nigeria,NGA,2012,0.000293
Nigeria,NGA,2013,0.000293
Nigeria,NGA,2014,0.000298
Nigeria,NGA,2015,0.005298
Nigeria,NGA,2016,0.00804
Nigeria,NGA,2017,0.0090954
Nigeria,NGA,2018,0.00928668
Nigeria,NGA,2019,0.017131621
Nigeria,NGA,2020,0.0273032
Nigeria,NGA,2021,0.03662121
Nigeria,NGA,2022,0.05110644
Nigeria,NGA,2023,0.07211552
Nigeria,NGA,2024,0.12447427
Nigeria,NGA,2025,0.17590502
Niue,NIU,2009,0.000055
Niue,NIU,2010,0.000055
Niue,NIU,2011,0.000055
Niue,NIU,2012,0.000055
Niue,NIU,2013,0.000055
Niue,NIU,2014,0.000341
Niue,NIU,2015,0.000341
Niue,NIU,2016,0.000341
Niue,NIU,2017,0.000341
Niue,NIU,2018,0.000341
Niue,NIU,2019,0.000941
Niue,NIU,2020,0.000941
Niue,NIU,2021,0.000941
Niue,NIU,2022,0.000941
Niue,NIU,2023,0.000941
Niue,NIU,2024,0.001815
Niue,NIU,2025,0.001815
North America,OWID_NAM,2000,0.190442
North America,OWID_NAM,2001,0.22896801
North America,OWID_NAM,2002,0.27219
North America,OWID_NAM,2003,0.310533
North America,OWID_NAM,2004,0.382077
North America,OWID_NAM,2005,0.512842
North America,OWID_NAM,2006,0.721741
North America,OWID_NAM,2007,1.005131
North America,OWID_NAM,2008,1.192194
North America,OWID_NAM,2009,1.719107
North America,OWID_NAM,2010,3.186063
North America,OWID_NAM,2011,5.7667193
North America,OWID_NAM,2012,9.047835
North America,OWID_NAM,2013,13.135035
North America,OWID_NAM,2014,18.005714
North America,OWID_NAM,2015,25.09835
North America,OWID_NAM,2016,37.01941
North America,OWID_NAM,2017,46.471596
North America,OWID_NAM,2018,57.127636
North America,OWID_NAM,2019,70.62939
North America,OWID_NAM,2020,87.03135
North America,OWID_NAM,2021,109.56177
North America,OWID_NAM,2022,128.92104
North America,OWID_NAM,2023,159.16597
North America,OWID_NAM,2024,198.25644
North America,OWID_NAM,2025,235.05351
North Korea,PRK,2001,0.000027
North Korea,PRK,2002,0.000038
North Korea,PRK,2003,0.000257
North Korea,PRK,2004,0.000335
North Korea,PRK,2005,0.000364
North Korea,PRK,2006,0.000417
North Korea,PRK,2007,0.000459
North Korea,PRK,2008,0.000494
North Korea,PRK,2009,0.000637
North Korea,PRK,2010,0.000951
North Korea,PRK,2011,0.00169
North Korea,PRK,2012,0.002294
North Korea,PRK,2013,0.006139
North Korea,PRK,2014,0.010958
North Korea,PRK,2015,0.022859002
North Korea,PRK,2016,0.032409
North Korea,PRK,2017,0.03631
North Korea,PRK,2018,0.049935002
North Korea,PRK,2019,0.06496701
North Korea,PRK,2020,0.078972
North Korea,PRK,2021,0.101972
North Korea,PRK,2022,0.115522
North Korea,PRK,2023,0.129187
North Korea,PRK,2024,0.142737
North Korea,PRK,2025,0.15628698
North Macedonia,MKD,2011,0.002
North Macedonia,MKD,2012,0.004
North Macedonia,MKD,2013,0.007
North Macedonia,MKD,2014,0.015
North Macedonia,MKD,2015,0.016689999
North Macedonia,MKD,2016,0.016699
North Macedonia,MKD,2017,0.016699
North Macedonia,MKD,2018,0.016699
North Macedonia,MKD,2019,0.016712999
North Macedonia,MKD,2020,0.029719999
North Macedonia,MKD,2021,0.0452
North Macedonia,MKD,2022,0.144
North Macedonia,MKD,2023,0.547742
North Macedonia,MKD,2024,0.869315
North Macedonia,MKD,2025,1.0583149
Norway,NOR,2008,0.0083
Norway,NOR,2009,0.0087
Norway,NOR,2010,0.0091
Norway,NOR,2011,0.0095
Norway,NOR,2012,0.01
Norway,NOR,2013,0.011
Norway,NOR,2014,0.013
Norway,NOR,2015,0.015
Norway,NOR,2016,0.026700001
Norway,NOR,2017,0.0449
Norway,NOR,2018,0.068405
Norway,NOR,2019,0.119826
Norway,NOR,2020,0.124281004
Norway,NOR,2021,0.16594101
Norway,NOR,2022,0.322235
Norway,NOR,2023,0.61495906
Norway,NOR,2024,0.767105
Norway,NOR,2025,0.88410497
Oceania,OWID_OCE,2000,0.02511
Oceania,OWID_OCE,2001,0.029110001
Oceania,OWID_OCE,2002,0.034110002
Oceania,OWID_OCE,2003,0.03911
Oceania,OWID_OCE,2004,0.046166
Oceania,OWID_OCE,2005,0.052391
Oceania,OWID_OCE,2006,0.061612997
Oceania,OWID_OCE,2007,0.073857
Oceania,OWID_OCE,2008,0.086399004
Oceania,OWID_OCE,2009,0.333876
Oceania,OWID_OCE,2010,1.0955579
Oceania,OWID_OCE,2011,1.434687
Oceania,OWID_OCE,2012,2.5349529
Oceania,OWID_OCE,2013,3.347867
Oceania,OWID_OCE,2014,4.1976643
Oceania,OWID_OCE,2015,5.160097
Oceania,OWID_OCE,2016,6.044446
Oceania,OWID_OCE,2017,7.4476023
Oceania,OWID_OCE,2018,11.399198
Oceania,OWID_OCE,2019,15.798055
Oceania,OWID_OCE,2020,20.17736
Oceania,OWID_OCE,2021,24.902985
Oceania,OWID_OCE,2022,29.577261
Oceania,OWID_OCE,2023,34.00814
Oceania,OWID_OCE,2024,38.424877
Oceania,OWID_OCE,2025,43.76991
Oman,OMN,2013,0.0007
Oman,OMN,2014,0.0007
Oman,OMN,2015,0.002203
Oman,OMN,2016,0.002203
Oman,OMN,2017,0.008203
Oman,OMN,2018,0.025783
Oman,OMN,2019,0.026228001
Oman,OMN,2020,0.129078
Oman,OMN,2021,0.15507801
Oman,OMN,2022,0.655078
Oman,OMN,2023,0.672078
Oman,OMN,2024,0.672078
Oman,OMN,2025,1.672078
Pakistan,PAK,2007,0.00014
Pakistan,PAK,2008,0.00114
Pakistan,PAK,2009,0.00667
Pakistan,PAK,2010,0.00925
Pakistan,PAK,2011,0.0186
Pakistan,PAK,2012,0.04557
Pakistan,PAK,2013,0.100339994
Pakistan,PAK,2014,0.16491
Pakistan,PAK,2015,0.26491
Pakistan,PAK,2016,0.58891004
Pakistan,PAK,2017,0.64291006
Pakistan,PAK,2018,0.66691005
Pakistan,PAK,2019,0.74091005
Pakistan,PAK,2020,1.0349101
Pakistan,PAK,2021,1.4196601
Pakistan,PAK,2022,2.16816
Pakistan,PAK,2023,3.19591
Pakistan,PAK,2024,3.70351
Pakistan,PAK,2025,3.70351
Palau,PLW,2005,0.000032
Palau,PLW,2006,0.000032
Palau,PLW,2007,0.000032
Palau,PLW,2008,0.000282
Palau,PLW,2009,0.000282
Palau,PLW,2010,0.000292
Palau,PLW,2011,0.000577
Palau,PLW,2012,0.000667
Palau,PLW,2013,0.000745
Palau,PLW,2014,0.001131
Palau,PLW,2015,0.001131
Palau,PLW,2016,0.0023
Palau,PLW,2017,0.0023
Palau,PLW,2018,0.0027
Palau,PLW,2019,0.002383
Palau,PLW,2020,0.002383
Palau,PLW,2021,0.0038
Palau,PLW,2022,0.0038
Palau,PLW,2023,0.01908
Palau,PLW,2024,0.019340001
Palau,PLW,2025,0.022581002
Palestine,PSE,2011,0.00035
Palestine,PSE,2012,0.0006
Palestine,PSE,2013,0.0006
Palestine,PSE,2014,0.003
Palestine,PSE,2015,0.012
Palestine,PSE,2016,0.025
Palestine,PSE,2017,0.035
Palestine,PSE,2018,0.04
Palestine,PSE,2019,0.08
Palestine,PSE,2020,0.1155
Palestine,PSE,2021,0.176
Palestine,PSE,2022,0.19
Palestine,PSE,2023,0.257
Palestine,PSE,2024,0.3
Palestine,PSE,2025,0.30536
Panama,PAN,2014,0.0024
Panama,PAN,2015,0.0427
Panama,PAN,2016,0.08853
Panama,PAN,2017,0.12678
Panama,PAN,2018,0.199112
Panama,PAN,2019,0.22461
Panama,PAN,2020,0.23505001
Panama,PAN,2021,0.49844602
Panama,PAN,2022,0.52917
Panama,PAN,2023,0.64634496
Panama,PAN,2024,0.74314404
Panama,PAN,2025,0.97334397
Papua New Guinea,PNG,2018,0.0003
Papua New Guinea,PNG,2019,0.0003
Papua New Guinea,PNG,2020,0.0003
Papua New Guinea,PNG,2021,0.0003
Papua New Guinea,PNG,2022,0.00045
Papua New Guinea,PNG,2023,0.00045
Papua New Guinea,PNG,2024,0.00145
Papua New Guinea,PNG,2025,0.00245
Paraguay,PRY,2025,0.001105
Peru,PER,2012,0.08
Peru,PER,2013,0.08
Peru,PER,2014,0.096
Peru,PER,2015,0.096
Peru,PER,2016,0.1
Peru,PER,2017,0.24448399
Peru,PER,2018,0.284484
Peru,PER,2019,0.289025
Peru,PER,2020,0.289025
Peru,PER,2021,0.28654
Peru,PER,2022,0.2865
Peru,PER,2023,0.401431
Peru,PER,2024,0.481996
Peru,PER,2025,0.96999604
Philippines,PHL,2004,0.001
Philippines,PHL,2005,0.001
Philippines,PHL,2006,0.001
Philippines,PHL,2007,0.001
Philippines,PHL,2008,0.001
Philippines,PHL,2009,0.001
Philippines,PHL,2010,0.001
Philippines,PHL,2011,0.0011
Philippines,PHL,2012,0.0017
Philippines,PHL,2013,0.0028
Philippines,PHL,2014,0.02875
Philippines,PHL,2015,0.1741
Philippines,PHL,2016,0.78985006
Philippines,PHL,2017,0.9145
Philippines,PHL,2018,0.925567
Philippines,PHL,2019,0.98783195
Philippines,PHL,2020,1.0678641
Philippines,PHL,2021,1.389917
Philippines,PHL,2022,1.6423459
Philippines,PHL,2023,1.782551
Philippines,PHL,2024,2.97057
Philippines,PHL,2025,3.869148
Poland,POL,2011,0.00111
Poland,POL,2012,0.001296
Poland,POL,2013,0.002357
Poland,POL,2014,0.025772998
Poland,POL,2015,0.101505
Poland,POL,2016,0.17643699
Poland,POL,2017,0.27035698
Poland,POL,2018,0.526372
Poland,POL,2019,1.4281889
Poland,POL,2020,3.656309
Poland,POL,2021,7.09054
Poland,POL,2022,11.06336
Poland,POL,2023,15.917281
Poland,POL,2024,21.721207
Poland,POL,2025,25.421207
Portugal,PRT,2000,0.001
Portugal,PRT,2001,0.001
Portugal,PRT,2002,0.001
Portugal,PRT,2003,0.002
Portugal,PRT,2004,0.002
Portugal,PRT,2005,0.002
Portugal,PRT,2006,0.003
Portugal,PRT,2007,0.024
Portugal,PRT,2008,0.059
Portugal,PRT,2009,0.115
Portugal,PRT,2010,0.134
Portugal,PRT,2011,0.172
Portugal,PRT,2012,0.23799999
Portugal,PRT,2013,0.296
Portugal,PRT,2014,0.415
Portugal,PRT,2015,0.447
Portugal,PRT,2016,0.512824
Portugal,PRT,2017,0.57923603
Portugal,PRT,2018,0.66743106
Portugal,PRT,2019,0.901438
Portugal,PRT,2020,1.100292
Portugal,PRT,2021,1.6459941
Portugal,PRT,2022,2.6462572
Portugal,PRT,2023,3.868791
Portugal,PRT,2024,5.639381
Portugal,PRT,2025,6.777381
Puerto Rico,PRI,2010,0.00454
Puerto Rico,PRI,2011,0.01827
Puerto Rico,PRI,2012,0.043509997
Puerto Rico,PRI,2013,0.073905
Puerto Rico,PRI,2014,0.078696996
Puerto Rico,PRI,2015,0.20895
Puerto Rico,PRI,2016,0.24360299
Puerto Rico,PRI,2017,0.302401
Puerto Rico,PRI,2018,0.305332
Puerto Rico,PRI,2019,0.336961
Puerto Rico,PRI,2020,0.38099903
Puerto Rico,PRI,2021,0.487526
Puerto Rico,PRI,2022,0.639343
Puerto Rico,PRI,2023,0.9551529
Puerto Rico,PRI,2024,0.96260303
Puerto Rico,PRI,2025,1.3616999
Qatar,QAT,2011,0.000667
Qatar,QAT,2012,0.000667
Qatar,QAT,2013,0.002287
Qatar,QAT,2014,0.003967
Qatar,QAT,2015,0.003967
Qatar,QAT,2016,0.0051
Qatar,QAT,2017,0.0051
Qatar,QAT,2018,0.0051
Qatar,QAT,2019,0.0051
Qatar,QAT,2020,0.0051
Qatar,QAT,2021,0.0051
Qatar,QAT,2022,0.80509996
Qatar,QAT,2023,0.80509996
Qatar,QAT,2024,0.80509996
Qatar,QAT,2025,1.6801
Reunion,REU,2004,0.000263
Reunion,REU,2005,0.000526
Reunion,REU,2006,0.003
Reunion,REU,2007,0.0058
Reunion,REU,2008,0.01
Reunion,REU,2009,0.042337
Reunion,REU,2010,0.08929999
Reunion,REU,2011,0.13110901
Reunion,REU,2012,0.152033
Reunion,REU,2013,0.160219
Reunion,REU,2014,0.173089
Reunion,REU,2015,0.18772599
Reunion,REU,2016,0.188247
Reunion,REU,2017,0.188735
Reunion,REU,2018,0.18972299
Reunion,REU,2019,0.19355701
Reunion,REU,2020,0.21029
Reunion,REU,2021,0.221142
Reunion,REU,2022,0.24102001
Reunion,REU,2023,0.266153
Reunion,REU,2024,0.312144
Reunion,REU,2025,0.312144
Romania,ROU,2008,0.0001
Romania,ROU,2009,0.0001
Romania,ROU,2010,0.0001
Romania,ROU,2011,0.001
Romania,ROU,2012,0.041
Romania,ROU,2013,0.761
Romania,ROU,2014,1.293
Romania,ROU,2015,1.326
Romania,ROU,2016,1.372
Romania,ROU,2017,1.374129
Romania,ROU,2018,1.3858199
Romania,ROU,2019,1.397705
Romania,ROU,2020,1.3825389
Romania,ROU,2021,1.393922
Romania,ROU,2022,1.808929
Romania,ROU,2023,2.987977
Romania,ROU,2024,4.257414
Romania,ROU,2025,6.237414
Russia,RUS,2010,0.00001
Russia,RUS,2011,0.000023
Russia,RUS,2012,0.000093
Russia,RUS,2013,0.001259
Russia,RUS,2014,0.3064
Russia,RUS,2015,0.36280003
Russia,RUS,2016,0.43319997
Russia,RUS,2017,0.5378
Russia,RUS,2018,0.8279
Russia,RUS,2019,1.42501
Russia,RUS,2020,1.77421
Russia,RUS,2021,1.9884099
Russia,RUS,2022,2.14821
Russia,RUS,2023,1.89905
Russia,RUS,2024,2.26181
Russia,RUS,2025,2.43322
Rwanda,RWA,2007,0.000337324
Rwanda,RWA,2008,0.000467606
Rwanda,RWA,2009,0.000505634
Rwanda,RWA,2010,0.000478169
Rwanda,RWA,2011,0.000460563
Rwanda,RWA,2012,0.000465493
Rwanda,RWA,2013,0.00035
Rwanda,RWA,2014,0.009
Rwanda,RWA,2015,0.00905
Rwanda,RWA,2016,0.00905
Rwanda,RWA,2017,0.01235
Rwanda,RWA,2018,0.01235
Rwanda,RWA,2019,0.01235
Rwanda,RWA,2020,0.01235
Rwanda,RWA,2021,0.01235
Rwanda,RWA,2022,0.01235
Rwanda,RWA,2023,0.01235
Rwanda,RWA,2024,0.012300001
Rwanda,RWA,2025,0.012300001
Saint Barthelemy,BLM,2016,0.000024
Saint Barthelemy,BLM,2017,0.000024
Saint Barthelemy,BLM,2018,0.000024
Saint Barthelemy,BLM,2019,0.000024
Saint Barthelemy,BLM,2020,0.000043
Saint Barthelemy,BLM,2021,0.000043
Saint Barthelemy,BLM,2022,0.000062
Saint Barthelemy,BLM,2023,0.000062
Saint Barthelemy,BLM,2024,0.0012
Saint Barthelemy,BLM,2025,0.0012
Saint Kitts and Nevis,KNA,2010,0.000062
Saint Kitts and Nevis,KNA,2011,0.000179
Saint Kitts and Nevis,KNA,2012,0.000179
Saint Kitts and Nevis,KNA,2013,0.001431
Saint Kitts and Nevis,KNA,2014,0.001431
Saint Kitts and Nevis,KNA,2015,0.001431
Saint Kitts and Nevis,KNA,2016,0.001931
Saint Kitts and Nevis,KNA,2017,0.001931
Saint Kitts and Nevis,KNA,2018,0.001963
Saint Kitts and Nevis,KNA,2019,0.002013
Saint Kitts and Nevis,KNA,2020,0.003013
Saint Kitts and Nevis,KNA,2021,0.003013
Saint Kitts and Nevis,KNA,2022,0.003013
Saint Kitts and Nevis,KNA,2023,0.003013
Saint Kitts and Nevis,KNA,2024,0.004513
Saint Kitts and Nevis,KNA,2025,0.004513
Saint Lucia,LCA,2009,0.00001
Saint Lucia,LCA,2010,0.00002
Saint Lucia,LCA,2011,0.00002
Saint Lucia,LCA,2012,5E-05
Saint Lucia,LCA,2013,0.00006
Saint Lucia,LCA,2014,0.0001
Saint Lucia,LCA,2015,0.00076
Saint Lucia,LCA,2016,0.000865
Saint Lucia,LCA,2017,0.000865
Saint Lucia,LCA,2018,0.003865
Saint Lucia,LCA,2019,0.00411
Saint Lucia,LCA,2020,0.004164
Saint Lucia,LCA,2021,0.004164
Saint Lucia,LCA,2022,0.004164
Saint Lucia,LCA,2023,0.004239
Saint Lucia,LCA,2024,0.00498
Saint Lucia,LCA,2025,0.00553
Saint Martin (French part),MAF,2013,0.0014
Saint Martin (French part),MAF,2014,0.0016
Saint Martin (French part),MAF,2015,0.0026
Saint Martin (French part),MAF,2016,0.0018
Saint Martin (French part),MAF,2017,0.0001
Saint Martin (French part),MAF,2018,0.0001
Saint Martin (French part),MAF,2019,0.0005
Saint Martin (French part),MAF,2020,0.001
Saint Martin (French part),MAF,2021,0.001
Saint Martin (French part),MAF,2022,0.0019
Saint Martin (French part),MAF,2023,0.0021
Saint Martin (French part),MAF,2024,0.0021
Saint Martin (French part),MAF,2025,0.0171
Saint Vincent and the Grenadines,VCT,2011,0.000076
Saint Vincent and the Grenadines,VCT,2012,8.6E-05
Saint Vincent and the Grenadines,VCT,2013,0.000263
Saint Vincent and the Grenadines,VCT,2014,0.000824
Saint Vincent and the Grenadines,VCT,2015,0.002523
Saint Vincent and the Grenadines,VCT,2016,0.002612
Saint Vincent and the Grenadines,VCT,2017,0.002682
Saint Vincent and the Grenadines,VCT,2018,0.003306
Saint Vincent and the Grenadines,VCT,2019,0.003998
Saint Vincent and the Grenadines,VCT,2020,0.004165
Saint Vincent and the Grenadines,VCT,2021,0.004236
Saint Vincent and the Grenadines,VCT,2022,0.004303
Saint Vincent and the Grenadines,VCT,2023,0.005603
Saint Vincent and the Grenadines,VCT,2024,0.005603
Saint Vincent and the Grenadines,VCT,2025,0.005603
Samoa,WSM,2007,0.000014
Samoa,WSM,2008,0.000014
Samoa,WSM,2009,0.000014
Samoa,WSM,2010,0.000014
Samoa,WSM,2011,0.000014
Samoa,WSM,2012,0.000314
Samoa,WSM,2013,0.000314
Samoa,WSM,2014,0.003154
Samoa,WSM,2015,0.007854
Samoa,WSM,2016,0.013934
Samoa,WSM,2017,0.013934
Samoa,WSM,2018,0.015734
Samoa,WSM,2019,0.015734
Samoa,WSM,2020,0.015734
Samoa,WSM,2021,0.015734
Samoa,WSM,2022,0.015734
Samoa,WSM,2023,0.015734
Samoa,WSM,2024,0.015734
Samoa,WSM,2025,0.015734
Sao Tome and Principe,STP,2023,0.0005
Sao Tome and Principe,STP,2024,0.0005
Sao Tome and Principe,STP,2025,0.0017
Saudi Arabia,SAU,2000,0.00035
Saudi Arabia,SAU,2001,0.00035
Saudi Arabia,SAU,2002,0.00035
Saudi Arabia,SAU,2003,0.00035
Saudi Arabia,SAU,2004,0.00035
Saudi Arabia,SAU,2005,0.00035
Saudi Arabia,SAU,2006,0.00035
Saudi Arabia,SAU,2007,0.00035
Saudi Arabia,SAU,2008,0.00035
Saudi Arabia,SAU,2009,0.00035
Saudi Arabia,SAU,2010,0.00235
Saudi Arabia,SAU,2011,0.00285
Saudi Arabia,SAU,2012,0.01355
Saudi Arabia,SAU,2013,0.02245
Saudi Arabia,SAU,2014,0.02425
Saudi Arabia,SAU,2015,0.02425
Saudi Arabia,SAU,2016,0.02425
Saudi Arabia,SAU,2017,0.034369998
Saudi Arabia,SAU,2018,0.034369998
Saudi Arabia,SAU,2019,0.05937
Saudi Arabia,SAU,2020,0.35937
Saudi Arabia,SAU,2021,0.38937
Saudi Arabia,SAU,2022,0.38987
Saudi Arabia,SAU,2023,2.3898702
Saudi Arabia,SAU,2024,6.151
Saudi Arabia,SAU,2025,11.882
Senegal,SEN,2010,0.007
Senegal,SEN,2011,0.007
Senegal,SEN,2012,0.007
Senegal,SEN,2013,0.007
Senegal,SEN,2014,0.007
Senegal,SEN,2015,0.007
Senegal,SEN,2016,0.051
Senegal,SEN,2017,0.091
Senegal,SEN,2018,0.131
Senegal,SEN,2019,0.155581
Senegal,SEN,2020,0.155581
Senegal,SEN,2021,0.22208099
Senegal,SEN,2022,0.224381
Senegal,SEN,2023,0.224381
Senegal,SEN,2024,0.26558098
Senegal,SEN,2025,0.282081
Serbia,SRB,2005,0.0001
Serbia,SRB,2006,0.0002
Serbia,SRB,2007,0.0004
Serbia,SRB,2008,0.0009
Serbia,SRB,2009,0.0012
Serbia,SRB,2010,0.0013
Serbia,SRB,2011,0.0015
Serbia,SRB,2012,0.0031
Serbia,SRB,2013,0.0047
Serbia,SRB,2014,0.006
Serbia,SRB,2015,0.009
Serbia,SRB,2016,0.011
Serbia,SRB,2017,0.01
Serbia,SRB,2018,0.011
Serbia,SRB,2019,0.011
Serbia,SRB,2020,0.0115
Serbia,SRB,2021,0.012128
Serbia,SRB,2022,0.022437
Serbia,SRB,2023,0.082505
Serbia,SRB,2024,0.18138601
Serbia,SRB,2025,0.316386
Seychelles,SYC,2013,0.00021
Seychelles,SYC,2014,0.000891
Seychelles,SYC,2015,0.001346
Seychelles,SYC,2016,0.001878
Seychelles,SYC,2017,0.002576
Seychelles,SYC,2018,0.003094
Seychelles,SYC,2019,0.003094
Seychelles,SYC,2020,0.00588
Seychelles,SYC,2021,0.01233
Seychelles,SYC,2022,0.0132
Seychelles,SYC,2023,0.014158
Seychelles,SYC,2024,0.014744
Seychelles,SYC,2025,0.014744
Sierra Leone,SLE,2018,0.000116
Sierra Leone,SLE,2019,0.000126
Sierra Leone,SLE,2020,0.000126
Sierra Leone,SLE,2021,0.000126
Sierra Leone,SLE,2022,0.005126
Sierra Leone,SLE,2023,0.005126
Sierra Leone,SLE,2024,0.005126
Sierra Leone,SLE,2025,0.006126
Singapore,SGP,2008,0.0002
Singapore,SGP,2009,0.0015
Singapore,SGP,2010,0.0027
Singapore,SGP,2011,0.0045
Singapore,SGP,2012,0.007900001
Singapore,SGP,2013,0.0127
Singapore,SGP,2014,0.027
Singapore,SGP,2015,0.0487
Singapore,SGP,2016,0.0998
Singapore,SGP,2017,0.1205
Singapore,SGP,2018,0.1689
Singapore,SGP,2019,0.2815
Singapore,SGP,2020,0.344
Singapore,SGP,2021,0.5021
Singapore,SGP,2022,0.65809995
Singapore,SGP,2023,0.9567
Singapore,SGP,2024,1.269
Singapore,SGP,2025,1.4558
Sint Maarten (Dutch part),SXM,2022,0.00009
Sint Maarten (Dutch part),SXM,2023,0.00009
Sint Maarten (Dutch part),SXM,2024,0.00009
Sint Maarten (Dutch part),SXM,2025,0.00009
Slovakia,SVK,2010,0.019
Slovakia,SVK,2011,0.496
Slovakia,SVK,2012,0.513
Slovakia,SVK,2013,0.533
Slovakia,SVK,2014,0.533
Slovakia,SVK,2015,0.533
Slovakia,SVK,2016,0.533
Slovakia,SVK,2017,0.528
Slovakia,SVK,2018,0.471
Slovakia,SVK,2019,0.59
Slovakia,SVK,2020,0.535
Slovakia,SVK,2021,0.537
Slovakia,SVK,2022,0.549
Slovakia,SVK,2023,0.594
Slovakia,SVK,2024,0.728
Slovakia,SVK,2025,1.028
Slovenia,SVN,2000,0.001
Slovenia,SVN,2001,0.001
Slovenia,SVN,2002,0.001
Slovenia,SVN,2003,0.001
Slovenia,SVN,2004,0.001
Slovenia,SVN,2005,0.001
Slovenia,SVN,2006,0.001
Slovenia,SVN,2007,0.001
Slovenia,SVN,2008,0.001
Slovenia,SVN,2009,0.004
Slovenia,SVN,2010,0.012
Slovenia,SVN,2011,0.057
Slovenia,SVN,2012,0.142
Slovenia,SVN,2013,0.187
Slovenia,SVN,2014,0.223
Slovenia,SVN,2015,0.238
Slovenia,SVN,2016,0.233
Slovenia,SVN,2017,0.2468
Slovenia,SVN,2018,0.2468
Slovenia,SVN,2019,0.277877
Slovenia,SVN,2020,0.36978
Slovenia,SVN,2021,0.461164
Slovenia,SVN,2022,0.626164
Slovenia,SVN,2023,1.0311999
Slovenia,SVN,2024,1.4211
Slovenia,SVN,2025,1.5683
Solomon Islands,SLB,2014,5E-05
Solomon Islands,SLB,2015,5E-05
Solomon Islands,SLB,2016,0.00105
Solomon Islands,SLB,2017,0.00105
Solomon Islands,SLB,2018,0.00105
Solomon Islands,SLB,2019,0.00105
Solomon Islands,SLB,2020,0.00105
Solomon Islands,SLB,2021,0.00105
Solomon Islands,SLB,2022,0.00105
Solomon Islands,SLB,2023,0.00311
Solomon Islands,SLB,2024,0.00311
Solomon Islands,SLB,2025,0.00533
South Africa,ZAF,2010,0.001959
South Africa,ZAF,2011,0.005658
South Africa,ZAF,2012,0.011303
South Africa,ZAF,2013,0.261625
South Africa,ZAF,2014,1.061901
South Africa,ZAF,2015,1.250655
South Africa,ZAF,2016,1.7
South Africa,ZAF,2017,1.9
South Africa,ZAF,2018,2.1
South Africa,ZAF,2019,2.3
South Africa,ZAF,2020,3.2
South Africa,ZAF,2021,3.7
South Africa,ZAF,2022,5.2
South Africa,ZAF,2023,7.5
South Africa,ZAF,2024,8.452
South Africa,ZAF,2025,10.6488
South America,OWID_SAM,2000,0.001572
South America,OWID_SAM,2001,0.001607
South America,OWID_SAM,2002,0.001607
South America,OWID_SAM,2003,0.001613
South America,OWID_SAM,2004,0.001613
South America,OWID_SAM,2005,0.001675
South America,OWID_SAM,2006,0.001683
South America,OWID_SAM,2007,0.001683
South America,OWID_SAM,2008,0.002161
South America,OWID_SAM,2009,0.00372
South America,OWID_SAM,2010,0.024525
South America,OWID_SAM,2011,0.044964
South America,OWID_SAM,2012,0.133555
South America,OWID_SAM,2013,0.154267
South America,OWID_SAM,2014,0.41723898
South America,OWID_SAM,2015,0.865825
South America,OWID_SAM,2016,1.5293449
South America,OWID_SAM,2017,3.513429
South America,OWID_SAM,2018,5.625136
South America,OWID_SAM,2019,8.526414
South America,OWID_SAM,2020,13.239112
South America,OWID_SAM,2021,20.920034
South America,OWID_SAM,2022,34.05302
South America,OWID_SAM,2023,49.05926
South America,OWID_SAM,2024,68.22677
South America,OWID_SAM,2025,82.7287
South Korea,KOR,2000,0.004
South Korea,KOR,2001,0.005
South Korea,KOR,2002,0.005
South Korea,KOR,2003,0.006
South Korea,KOR,2004,0.009
South Korea,KOR,2005,0.014
South Korea,KOR,2006,0.036
South Korea,KOR,2007,0.081
South Korea,KOR,2008,0.357
South Korea,KOR,2009,0.524
South Korea,KOR,2010,0.768
South Korea,KOR,2011,0.894
South Korea,KOR,2012,1.266
South Korea,KOR,2013,1.834
South Korea,KOR,2014,2.731
South Korea,KOR,2015,3.752
South Korea,KOR,2016,4.703
South Korea,KOR,2017,6.061166
South Korea,KOR,2018,8.111579
South Korea,KOR,2019,11.035646
South Korea,KOR,2020,14.664564
South Korea,KOR,2021,17.586267
South Korea,KOR,2022,20.129503
South Korea,KOR,2023,23.024652
South Korea,KOR,2024,30.372583
South Korea,KOR,2025,34.038696
South Sudan,SSD,2020,0.001
South Sudan,SSD,2021,0.001
South Sudan,SSD,2022,0.001
South Sudan,SSD,2023,0.013
South Sudan,SSD,2024,0.027
South Sudan,SSD,2025,0.041
Spain,ESP,2000,0.010294001
Spain,ESP,2001,0.013142999
Spain,ESP,2002,0.016971001
Spain,ESP,2003,0.022375
Spain,ESP,2004,0.032822996
Spain,ESP,2005,0.051960003
Spain,ESP,2006,0.130755
Spain,ESP,2007,0.494921
Spain,ESP,2008,3.387249
Spain,ESP,2009,3.428121
Spain,ESP,2010,3.880062
Spain,ESP,2011,4.288054
Spain,ESP,2012,4.5746984
Spain,ESP,2013,4.69571
Spain,ESP,2014,4.702467
Spain,ESP,2015,4.70969
Spain,ESP,2016,4.71393
Spain,ESP,2017,4.722199
Spain,ESP,2018,4.763606
Spain,ESP,2019,8.807197
Spain,ESP,2020,10.135588
Spain,ESP,2021,13.715196
Spain,ESP,2022,23.897316
Spain,ESP,2023,29.579607
Spain,ESP,2024,35.822872
Spain,ESP,2025,44.86587
Sri Lanka,LKA,2000,0.00002
Sri Lanka,LKA,2001,0.00002
Sri Lanka,LKA,2002,0.00002
Sri Lanka,LKA,2003,0.00002
Sri Lanka,LKA,2004,0.00002
Sri Lanka,LKA,2005,0.00002
Sri Lanka,LKA,2006,0.00002
Sri Lanka,LKA,2007,0.00002
Sri Lanka,LKA,2008,0
Sri Lanka,LKA,2009,0
Sri Lanka,LKA,2010,0
Sri Lanka,LKA,2011,0.00136
Sri Lanka,LKA,2012,0.00136
Sri Lanka,LKA,2013,0.00471
Sri Lanka,LKA,2014,0.01463
Sri Lanka,LKA,2015,0.02907
Sri Lanka,LKA,2016,0.06368
Sri Lanka,LKA,2017,0.14648
Sri Lanka,LKA,2018,0.22051899
Sri Lanka,LKA,2019,0.341926
Sri Lanka,LKA,2020,0.427964
Sri Lanka,LKA,2021,0.616784
Sri Lanka,LKA,2022,0.79251504
Sri Lanka,LKA,2023,0.950175
Sri Lanka,LKA,2024,1.571588
Sri Lanka,LKA,2025,2.4997823
Sudan,SDN,2018,0.00001
Sudan,SDN,2019,0.00029
Sudan,SDN,2020,0.00029
Sudan,SDN,2021,0.00029
Sudan,SDN,2022,0.05429
Sudan,SDN,2023,0.05429
Sudan,SDN,2024,0.05429
Sudan,SDN,2025,0.05429
Suriname,SUR,2014,0.005
Suriname,SUR,2015,0.005
Suriname,SUR,2016,0.005
Suriname,SUR,2017,0.005
Suriname,SUR,2018,0.005027
Suriname,SUR,2019,0.005027
Suriname,SUR,2020,0.005027
Suriname,SUR,2021,0.005027
Suriname,SUR,2022,0.005027
Suriname,SUR,2023,0.006227
Suriname,SUR,2024,0.006332
Suriname,SUR,2025,0.026332
Sweden,SWE,2000,0.003
Sweden,SWE,2001,0.003
Sweden,SWE,2002,0.003
Sweden,SWE,2003,0.004
Sweden,SWE,2004,0.004
Sweden,SWE,2005,0.004
Sweden,SWE,2006,0.005
Sweden,SWE,2007,0.006
Sweden,SWE,2008,0.008
Sweden,SWE,2009,0.009
Sweden,SWE,2010,0.011
Sweden,SWE,2011,0.012
Sweden,SWE,2012,0.024
Sweden,SWE,2013,0.043
Sweden,SWE,2014,0.06
Sweden,SWE,2015,0.104
Sweden,SWE,2016,0.153
Sweden,SWE,2017,0.231
Sweden,SWE,2018,0.411
Sweden,SWE,2019,0.714
Sweden,SWE,2020,1.107
Sweden,SWE,2021,1.606
Sweden,SWE,2022,2.388
Sweden,SWE,2023,3.993
Sweden,SWE,2024,4.829
Sweden,SWE,2025,5.481
Switzerland,CHE,2000,0.016
Switzerland,CHE,2001,0.018
Switzerland,CHE,2002,0.02
Switzerland,CHE,2003,0.022
Switzerland,CHE,2004,0.024
Switzerland,CHE,2005,0.028
Switzerland,CHE,2006,0.03
Switzerland,CHE,2007,0.037
Switzerland,CHE,2008,0.049
Switzerland,CHE,2009,0.079
Switzerland,CHE,2010,0.125
Switzerland,CHE,2011,0.222
Switzerland,CHE,2012,0.434
Switzerland,CHE,2013,0.747
Switzerland,CHE,2014,1.043
Switzerland,CHE,2015,1.36
Switzerland,CHE,2016,1.617
Switzerland,CHE,2017,1.86
Switzerland,CHE,2018,2.117
Switzerland,CHE,2019,2.425
Switzerland,CHE,2020,2.87526
Switzerland,CHE,2021,3.515429
Switzerland,CHE,2022,4.528377
Switzerland,CHE,2023,6.0636783
Switzerland,CHE,2024,7.444686
Switzerland,CHE,2025,8.794685
Syria,SYR,2017,0.000127
Syria,SYR,2018,0.001377
Syria,SYR,2019,0.002467
Syria,SYR,2020,0.011522001
Syria,SYR,2021,0.033
Syria,SYR,2022,0.058
Syria,SYR,2023,0.091
Syria,SYR,2024,0.106
Syria,SYR,2025,0.189
Taiwan,TWN,2000,0.0001
Taiwan,TWN,2001,0.0002
Taiwan,TWN,2002,0.00033
Taiwan,TWN,2003,0.00045
Taiwan,TWN,2004,0.00057
Taiwan,TWN,2005,0.00104
Taiwan,TWN,2006,0.00141
Taiwan,TWN,2007,0.00244
Taiwan,TWN,2008,0.00558
Taiwan,TWN,2009,0.00951
Taiwan,TWN,2010,0.034555
Taiwan,TWN,2011,0.129912
Taiwan,TWN,2012,0.23128101
Taiwan,TWN,2013,0.40993798
Taiwan,TWN,2014,0.635951
Taiwan,TWN,2015,0.884251
Taiwan,TWN,2016,1.2450551
Taiwan,TWN,2017,1.767702
Taiwan,TWN,2018,2.738119
Taiwan,TWN,2019,4.149539
Taiwan,TWN,2020,5.817209
Taiwan,TWN,2021,7.700213
Taiwan,TWN,2022,9.723747
Taiwan,TWN,2023,12.417685
Taiwan,TWN,2024,14.281144
Taiwan,TWN,2025,15.47402
Tajikistan,TJK,2020,0.00022
Tajikistan,TJK,2021,0.00022
Tajikistan,TJK,2022,0.00022
Tajikistan,TJK,2023,0.00022
Tajikistan,TJK,2024,0.00022
Tajikistan,TJK,2025,0.00022
Tanzania,TZA,2016,0.000138
Tanzania,TZA,2017,0.000138
Tanzania,TZA,2018,0.000138
Tanzania,TZA,2019,0.000138
Tanzania,TZA,2020,0.000138
Tanzania,TZA,2021,0.000138
Tanzania,TZA,2022,0.000138
Tanzania,TZA,2023,0.000138
Tanzania,TZA,2024,0.000138
Tanzania,TZA,2025,0.000138
Thailand,THA,2006,0.03041
Thailand,THA,2007,0.03225
Thailand,THA,2008,0.03235
Thailand,THA,2009,0.037
Thailand,THA,2010,0.0486
Thailand,THA,2011,0.0787
Thailand,THA,2012,0.3767
Thailand,THA,2013,0.8235
Thailand,THA,2014,1.2985
Thailand,THA,2015,1.4196
Thailand,THA,2016,2.4461
Thailand,THA,2017,2.69726
Thailand,THA,2018,2.96244
Thailand,THA,2019,2.98262
Thailand,THA,2020,2.94911
Thailand,THA,2021,3.030264
Thailand,THA,2022,3.14967
Thailand,THA,2023,3.2903502
Thailand,THA,2024,3.3789108
Thailand,THA,2025,6.833522
Togo,TGO,2012,0.000007
Togo,TGO,2013,0.000007
Togo,TGO,2014,0.000007
Togo,TGO,2015,0.000008
Togo,TGO,2016,0.000014
Togo,TGO,2017,0.000014
Togo,TGO,2018,0.000014
Togo,TGO,2019,0.000014
Togo,TGO,2020,0.000742
Togo,TGO,2021,0.050775003
Togo,TGO,2022,0.050775003
Togo,TGO,2023,0.050775003
Togo,TGO,2024,0.050775003
Togo,TGO,2025,0.070894994
Tokelau,TKL,2012,0.00093
Tokelau,TKL,2013,0.00093
Tokelau,TKL,2014,0.00093
Tokelau,TKL,2015,0.00093
Tokelau,TKL,2016,0.00102
Tokelau,TKL,2017,0.00102
Tokelau,TKL,2018,0.00102
Tokelau,TKL,2019,0.00102
Tokelau,TKL,2020,0.00102
Tokelau,TKL,2021,0.00102
Tokelau,TKL,2022,0.00102
Tokelau,TKL,2023,0.00102
Tokelau,TKL,2024,0.00102
Tokelau,TKL,2025,0.00102
Tonga,TON,2008,0.000011
Tonga,TON,2009,0.000011
Tonga,TON,2010,0.000011
Tonga,TON,2011,0.000191
Tonga,TON,2012,0.001871
Tonga,TON,2013,0.002475
Tonga,TON,2014,0.00248
Tonga,TON,2015,0.00351
Tonga,TON,2016,0.004285
Tonga,TON,2017,0.006452
Tonga,TON,2018,0.006572
Tonga,TON,2019,0.006572
Tonga,TON,2020,0.006572
Tonga,TON,2021,0.006572
Tonga,TON,2022,0.013862001
Tonga,TON,2023,0.014662
Tonga,TON,2024,0.014912001
Tonga,TON,2025,0.015148001
Trinidad and Tobago,TTO,2000,0.000341
Trinidad and Tobago,TTO,2001,0.000667
Trinidad and Tobago,TTO,2002,0.000879
Trinidad and Tobago,TTO,2003,0.001222
Trinidad and Tobago,TTO,2004,0.001656
Trinidad and Tobago,TTO,2005,0.001762
Trinidad and Tobago,TTO,2006,0.001985
Trinidad and Tobago,TTO,2007,0.00211
Trinidad and Tobago,TTO,2008,0.00227
Trinidad and Tobago,TTO,2009,0.00253
Trinidad and Tobago,TTO,2010,0.002831
Trinidad and Tobago,TTO,2011,0.002831
Trinidad and Tobago,TTO,2012,0.004
Trinidad and Tobago,TTO,2013,0.004
Trinidad and Tobago,TTO,2014,0.004
Trinidad and Tobago,TTO,2015,0.004
Trinidad and Tobago,TTO,2016,0.004
Trinidad and Tobago,TTO,2017,0.004
Trinidad and Tobago,TTO,2018,0.004
Trinidad and Tobago,TTO,2019,0.004
Trinidad and Tobago,TTO,2020,0.004
Trinidad and Tobago,TTO,2021,0.0041
Trinidad and Tobago,TTO,2022,0.0041
Trinidad and Tobago,TTO,2023,0.004105
Trinidad and Tobago,TTO,2024,0.004623
Trinidad and Tobago,TTO,2025,0.096623
Tunisia,TUN,2010,0.000411
Tunisia,TUN,2011,0.00145
Tunisia,TUN,2012,0.004016
Tunisia,TUN,2013,0.007982
Tunisia,TUN,2014,0.015511
Tunisia,TUN,2015,0.025837
Tunisia,TUN,2016,0.036
Tunisia,TUN,2017,0.045
Tunisia,TUN,2018,0.061673
Tunisia,TUN,2019,0.072973
Tunisia,TUN,2020,0.087814
Tunisia,TUN,2021,0.087814
Tunisia,TUN,2022,0.19
Tunisia,TUN,2023,0.499
Tunisia,TUN,2024,0.766
Tunisia,TUN,2025,0.886
Turkey,TUR,2000,0.0001
Turkey,TUR,2001,0.0003
Turkey,TUR,2002,0.0006
Turkey,TUR,2003,0.001
Turkey,TUR,2004,0.0015
Turkey,TUR,2005,0.002
Turkey,TUR,2006,0.0025
Turkey,TUR,2007,0.003
Turkey,TUR,2008,0.0037
Turkey,TUR,2009,0.0047
Turkey,TUR,2010,0.0057
Turkey,TUR,2011,0.0067
Turkey,TUR,2012,0.0117
Turkey,TUR,2013,0.017700002
Turkey,TUR,2014,0.04
Turkey,TUR,2015,0.249
Turkey,TUR,2016,0.833
Turkey,TUR,2017,3.4206998
Turkey,TUR,2018,5.062608
Turkey,TUR,2019,5.9951553
Turkey,TUR,2020,6.6674175
Turkey,TUR,2021,7.8156304
Turkey,TUR,2022,9.42544
Turkey,TUR,2023,15.613368
Turkey,TUR,2024,20.232111
Turkey,TUR,2025,25.468111
Turkmenistan,TKM,2024,0.000112
Turkmenistan,TKM,2025,0.000112
Turks and Caicos Islands,TCA,2015,0.00003
Turks and Caicos Islands,TCA,2016,0.00003
Turks and Caicos Islands,TCA,2017,0.00019
Turks and Caicos Islands,TCA,2018,0.00044
Turks and Caicos Islands,TCA,2019,0.00094
Turks and Caicos Islands,TCA,2020,0.00094
Turks and Caicos Islands,TCA,2021,0.002572
Turks and Caicos Islands,TCA,2022,0.003289
Turks and Caicos Islands,TCA,2023,0.00352
Turks and Caicos Islands,TCA,2024,0.00352
Turks and Caicos Islands,TCA,2025,0.004019
Tuvalu,TUV,2008,0.00004
Tuvalu,TUV,2009,0.000086
Tuvalu,TUV,2010,0.000086
Tuvalu,TUV,2011,0.000086
Tuvalu,TUV,2012,0.000086
Tuvalu,TUV,2013,0.000152
Tuvalu,TUV,2014,0.000152
Tuvalu,TUV,2015,0.002315
Tuvalu,TUV,2016,0.002315
Tuvalu,TUV,2017,0.002323
Tuvalu,TUV,2018,0.002323
Tuvalu,TUV,2019,0.002323
Tuvalu,TUV,2020,0.002397
Tuvalu,TUV,2021,0.002397
Tuvalu,TUV,2022,0.002397
Tuvalu,TUV,2023,0.002497
Tuvalu,TUV,2024,0.002997
Tuvalu,TUV,2025,0.002997
Uganda,UGA,2016,0.008571999
Uganda,UGA,2017,0.017561002
Uganda,UGA,2018,0.040791
Uganda,UGA,2019,0.050923
Uganda,UGA,2020,0.061509997
Uganda,UGA,2021,0.063393
Uganda,UGA,2022,0.063393
Uganda,UGA,2023,0.08339301
Uganda,UGA,2024,0.084193
Uganda,UGA,2025,0.084193
Ukraine,UKR,2010,0.0025
Ukraine,UKR,2011,0.1882
Ukraine,UKR,2012,0.3716
Ukraine,UKR,2013,0.74840003
Ukraine,UKR,2014,0.81909996
Ukraine,UKR,2015,0.8412
Ukraine,UKR,2016,0.9547
Ukraine,UKR,2017,1.2
Ukraine,UKR,2018,2.002688
Ukraine,UKR,2019,5.935688
Ukraine,UKR,2020,7.331
Ukraine,UKR,2021,8.062
Ukraine,UKR,2022,8.062
Ukraine,UKR,2023,8.062
Ukraine,UKR,2024,5.5
Ukraine,UKR,2025,5.5
United Arab Emirates,ARE,2009,0.010038001
United Arab Emirates,ARE,2010,0.010788
United Arab Emirates,ARE,2011,0.012613
United Arab Emirates,ARE,2012,0.013015999
United Arab Emirates,ARE,2013,0.02561
United Arab Emirates,ARE,2014,0.027274
United Arab Emirates,ARE,2015,0.028212
United Arab Emirates,ARE,2016,0.032091998
United Arab Emirates,ARE,2017,0.25012198
United Arab Emirates,ARE,2018,0.496372
United Arab Emirates,ARE,2019,1.830451
United Arab Emirates,ARE,2020,2.2268898
United Arab Emirates,ARE,2021,2.896676
United Arab Emirates,ARE,2022,3.2903001
United Arab Emirates,ARE,2023,5.3360996
United Arab Emirates,ARE,2024,5.6825
United Arab Emirates,ARE,2025,6.8222404
United Kingdom,GBR,2000,0.002
United Kingdom,GBR,2001,0.003
United Kingdom,GBR,2002,0.004
United Kingdom,GBR,2003,0.006
United Kingdom,GBR,2004,0.008
United Kingdom,GBR,2005,0.011
United Kingdom,GBR,2006,0.014
United Kingdom,GBR,2007,0.018
United Kingdom,GBR,2008,0.023
United Kingdom,GBR,2009,0.027
United Kingdom,GBR,2010,0.095
United Kingdom,GBR,2011,1
United Kingdom,GBR,2012,1.753
United Kingdom,GBR,2013,2.937
United Kingdom,GBR,2014,5.528
United Kingdom,GBR,2015,9.601
United Kingdom,GBR,2016,11.914
United Kingdom,GBR,2017,12.75096
United Kingdom,GBR,2018,13.059071
United Kingdom,GBR,2019,13.34484
United Kingdom,GBR,2020,13.772241
United Kingdom,GBR,2021,14.251349
United Kingdom,GBR,2022,14.812559
United Kingdom,GBR,2023,16.42806
United Kingdom,GBR,2024,18.95253
United Kingdom,GBR,2025,21.73602
United States,USA,2000,0.176
United States,USA,2001,0.213
United States,USA,2002,0.255
United States,USA,2003,0.293
United States,USA,2004,0.363
United States,USA,2005,0.493
United States,USA,2006,0.698
United States,USA,2007,0.974
United States,USA,2008,1.153
United States,USA,2009,1.614
United States,USA,2010,2.909
United States,USA,2011,5.172
United States,USA,2012,8.137
United States,USA,2013,11.759
United States,USA,2014,15.984
United States,USA,2015,21.684
United States,USA,2016,32.958
United States,USA,2017,41.35676
United States,USA,2018,49.812225
United States,USA,2019,59.068405
United States,USA,2020,74.04558
United States,USA,2021,93.30566
United States,USA,2022,111.36192
United States,USA,2023,138.4466
United States,USA,2024,175.4513
United States,USA,2025,209.46709
United States Virgin Islands,VIR,2011,0.000476
United States Virgin Islands,VIR,2012,0.00061
United States Virgin Islands,VIR,2013,0.000861
United States Virgin Islands,VIR,2014,0.004951
United States Virgin Islands,VIR,2015,0.009153999
United States Virgin Islands,VIR,2016,0.009192999
United States Virgin Islands,VIR,2017,0.004993
United States Virgin Islands,VIR,2018,0.009993
United States Virgin Islands,VIR,2019,0.009993
United States Virgin Islands,VIR,2020,0.009993
United States Virgin Islands,VIR,2021,0.009993
United States Virgin Islands,VIR,2022,0.009993
United States Virgin Islands,VIR,2023,0.009993
United States Virgin Islands,VIR,2024,0.030493
United States Virgin Islands,VIR,2025,0.052893
Upper-middle-income countries,OWID_UMC,2000,0.026376
Upper-middle-income countries,OWID_UMC,2001,0.027816
Upper-middle-income countries,OWID_UMC,2002,0.029236
Upper-middle-income countries,OWID_UMC,2003,0.029806
Upper-middle-income countries,OWID_UMC,2004,0.032746
Upper-middle-income countries,OWID_UMC,2005,0.091646
Upper-middle-income countries,OWID_UMC,2006,0.13267599
Upper-middle-income countries,OWID_UMC,2007,0.16012
Upper-middle-income countries,OWID_UMC,2008,0.20136599
Upper-middle-income countries,OWID_UMC,2009,0.359405
Upper-middle-income countries,OWID_UMC,2010,0.974187
Upper-middle-income countries,OWID_UMC,2011,3.290531
Upper-middle-income countries,OWID_UMC,2012,7.512227
Upper-middle-income countries,OWID_UMC,2013,19.702625
Upper-middle-income countries,OWID_UMC,2014,31.952993
Upper-middle-income countries,OWID_UMC,2015,48.264053
Upper-middle-income countries,OWID_UMC,2016,86.47632
Upper-middle-income countries,OWID_UMC,2017,145.34251
Upper-middle-income countries,OWID_UMC,2018,196.89018
Upper-middle-income countries,OWID_UMC,2019,244.12448
Upper-middle-income countries,OWID_UMC,2020,314.6696
Upper-middle-income countries,OWID_UMC,2021,379.75223
Upper-middle-income countries,OWID_UMC,2022,482.57788
Upper-middle-income countries,OWID_UMC,2023,727.2493
Upper-middle-income countries,OWID_UMC,2024,1030.5033
Upper-middle-income countries,OWID_UMC,2025,1376.5164
Uruguay,URY,2011,0.000028
Uruguay,URY,2012,0.000108
Uruguay,URY,2013,0.001069
Uruguay,URY,2014,0.003167
Uruguay,URY,2015,0.063933
Uruguay,URY,2016,0.087856
Uruguay,URY,2017,0.240988
Uruguay,URY,2018,0.246147
Uruguay,URY,2019,0.249793
Uruguay,URY,2020,0.253692
Uruguay,URY,2021,0.261117
Uruguay,URY,2022,0.2682
Uruguay,URY,2023,0.28737798
Uruguay,URY,2024,0.321896
Uruguay,URY,2025,0.32491
Uzbekistan,UZB,2014,0.00013
Uzbekistan,UZB,2015,0.00013
Uzbekistan,UZB,2016,0.00013
Uzbekistan,UZB,2017,0.000175
Uzbekistan,UZB,2018,0.000175
Uzbekistan,UZB,2019,0.000175
Uzbekistan,UZB,2020,0.000175
Uzbekistan,UZB,2021,0.000175
Uzbekistan,UZB,2022,0.200175
Uzbekistan,UZB,2023,0.863975
Uzbekistan,UZB,2024,3.184245
Uzbekistan,UZB,2025,5.930175
Vanuatu,VUT,2011,0.000087
Vanuatu,VUT,2012,0.000127
Vanuatu,VUT,2013,0.000127
Vanuatu,VUT,2014,0.000167
Vanuatu,VUT,2015,0.000173
Vanuatu,VUT,2016,0.00145
Vanuatu,VUT,2017,0.00145
Vanuatu,VUT,2018,0.00254
Vanuatu,VUT,2019,0.00254
Vanuatu,VUT,2020,0.0027
Vanuatu,VUT,2021,0.00273
Vanuatu,VUT,2022,0.00274
Vanuatu,VUT,2023,0.00274
Vanuatu,VUT,2024,0.002772
Vanuatu,VUT,2025,0.002772
Venezuela,VEN,2021,0.0002
Venezuela,VEN,2022,0.0002
Venezuela,VEN,2023,0.000245
Venezuela,VEN,2024,0.001435
Venezuela,VEN,2025,0.001835
Vietnam,VNM,2014,0.0008
Vietnam,VNM,2015,0.0008
Vietnam,VNM,2016,0.0008
Vietnam,VNM,2017,0.003502
Vietnam,VNM,2018,0.100502
Vietnam,VNM,2019,4.989
Vietnam,VNM,2020,16.656
Vietnam,VNM,2021,16.656
Vietnam,VNM,2022,16.693
Vietnam,VNM,2023,18.58292
Vietnam,VNM,2024,18.66185
Vietnam,VNM,2025,19.24785
World,OWID_WRL,2000,0.756669
World,OWID_WRL,2001,1.0238141
World,OWID_WRL,2002,1.341977
World,OWID_WRL,2003,1.848395
World,OWID_WRL,2004,2.916281
World,OWID_WRL,2005,4.3913684
World,OWID_WRL,2006,5.9124722
World,OWID_WRL,2007,8.266139
World,OWID_WRL,2008,14.4450035
World,OWID_WRL,2009,22.483068
World,OWID_WRL,2010,39.84921
World,OWID_WRL,2011,70.42784
World,OWID_WRL,2012,99.54065
World,OWID_WRL,2013,134.7275
World,OWID_WRL,2014,172.96739
World,OWID_WRL,2015,220.15082
World,OWID_WRL,2016,291.68625
World,OWID_WRL,2017,384.91513
World,OWID_WRL,2018,479.046
World,OWID_WRL,2019,580.46674
World,OWID_WRL,2020,710.7258
World,OWID_WRL,2021,854.81244
World,OWID_WRL,2022,1045.6914
World,OWID_WRL,2023,1410.5559
World,OWID_WRL,2024,1866.8978
World,OWID_WRL,2025,2378.0415
Yemen,YEM,2023,0.02
Yemen,YEM,2024,0.14
Yemen,YEM,2025,0.193
Zambia,ZMB,2018,0.001
Zambia,ZMB,2019,0.089
Zambia,ZMB,2020,0.089
Zambia,ZMB,2021,0.089
Zambia,ZMB,2022,0.089
Zambia,ZMB,2023,0.124
Zambia,ZMB,2024,0.186
Zambia,ZMB,2025,0.3262
Zimbabwe,ZWE,2017,0.0015
Zimbabwe,ZWE,2018,0.004585
Zimbabwe,ZWE,2019,0.008169
Zimbabwe,ZWE,2020,0.010087
Zimbabwe,ZWE,2021,0.024267001
Zimbabwe,ZWE,2022,0.037574995
Zimbabwe,ZWE,2023,0.043074995
Zimbabwe,ZWE,2024,0.102074996
Zimbabwe,ZWE,2025,0.102074996
